2026-05-27 00:00:17,223.6506,223.8180,223.7531,106.0939,106.8655,106.3355

2026-05-27 00:01:17,223.6506,223.8180,223.7531,106.0939,106.8655,106.3355

2026-05-27 00:02:17,223.6506,223.8180,223.7531,106.0939,106.8655,106.3355

2026-05-27 00:03:17,223.6506,223.8180,223.7531,106.0939,106.8655,106.3355

2026-05-27 00:04:17,223.6506,223.8180,223.7531,106.0939,106.8655,106.3355

2026-05-27 00:05:17,223.6506,223.8180,223.7531,106.0939,106.8655,106.3355

2026-05-27 00:06:17,223.6506,223.8180,223.7531,106.0939,106.8655,106.3355

2026-05-27 00:07:17,223.6506,223.8180,223.7531,106.0939,106.8655,106.3355

2026-05-27 00:08:17,223.6506,223.8180,223.7531,106.0939,106.8655,106.3355

2026-05-27 00:09:17,223.6506,223.8180,223.7531,106.0939,106.8655,106.3355

2026-05-27 00:10:17,223.6506,223.8180,223.7531,106.0939,106.8655,106.3355

2026-05-27 00:11:17,223.6506,223.8180,223.7531,106.0939,106.8655,106.3355

2026-05-27 00:12:17,223.6506,223.8180,223.7531,106.0939,106.8655,106.3355

2026-05-27 00:13:17,223.6506,223.8180,223.7531,106.0939,106.8655,106.3355

2026-05-27 00:14:17,223.6506,223.8180,223.7531,106.0939,106.8655,106.3355

2026-05-27 00:15:17,223.6506,223.8180,223.7531,106.0939,106.8655,106.3355

2026-05-27 00:16:17,223.6506,223.8180,223.7531,106.0939,106.8655,106.3355

2026-05-27 00:17:17,223.6506,223.8180,223.7531,106.0939,106.8655,106.3355

2026-05-27 00:18:17,223.6506,223.8180,223.7531,106.0939,106.8655,106.3355

2026-05-27 00:19:17,223.6506,223.8180,223.7531,106.0939,106.8655,106.3355

2026-05-27 00:20:17,223.6506,223.8180,223.7531,106.0939,106.8655,106.3355

2026-05-27 00:21:17,223.6506,223.8180,223.7531,106.0939,106.8655,106.3355

2026-05-27 00:22:17,223.6506,223.8180,223.7531,106.0939,106.8655,106.3355

2026-05-27 00:23:17,223.6506,223.8180,223.7531,106.0939,106.8655,106.3355

2026-05-27 00:24:17,223.6506,223.8180,223.7531,106.0939,106.8655,106.3355

2026-05-27 00:25:17,223.6506,223.8180,223.7531,106.0939,106.8655,106.3355

2026-05-27 00:26:17,223.6506,223.8180,223.7531,106.0939,106.8655,106.3355

2026-05-27 00:27:17,223.6506,223.8180,223.7531,106.0939,106.8655,106.3355

2026-05-27 00:28:17,223.6506,223.8180,223.7531,106.0939,106.8655,106.3355

2026-05-27 00:29:17,223.6506,223.8180,223.7531,106.0939,106.8655,106.3355

2026-05-27 00:30:17,223.6506,223.8180,223.7531,106.0939,106.8655,106.3355

2026-05-27 00:31:17,223.6506,223.8180,223.7531,106.0939,106.8655,106.3355

2026-05-27 00:32:17,223.6506,223.8180,223.7531,106.0939,106.8655,106.3355

2026-05-27 00:33:17,223.6506,223.8180,223.7531,106.0939,106.8655,106.3355

2026-05-27 00:34:17,223.6506,223.8180,223.7531,106.0939,106.8655,106.3355

2026-05-27 00:35:17,223.6506,223.8180,223.7531,106.0939,106.8655,106.3355

2026-05-27 00:36:17,223.6506,223.8180,223.7531,106.0939,106.8655,106.3355

2026-05-27 00:37:17,223.6506,223.8180,223.7531,106.0939,106.8655,106.3355

2026-05-27 00:38:17,223.6506,223.8180,223.7531,106.0939,106.8655,106.3355

2026-05-27 00:39:17,223.6506,223.8180,223.7531,106.0939,106.8655,106.3355

2026-05-27 00:40:17,223.6506,223.8180,223.7531,106.0939,106.8655,106.3355

2026-05-27 00:41:17,223.6506,223.8180,223.7531,106.0939,106.8655,106.3355

2026-05-27 00:42:17,223.6506,223.8180,223.7531,106.0939,106.8655,106.3355

2026-05-27 00:43:17,223.6506,223.8180,223.7531,106.0939,106.8655,106.3355

2026-05-27 00:44:17,223.6506,223.8180,223.7531,106.0939,106.8655,106.3355

2026-05-27 00:45:17,223.6506,223.8180,223.7531,106.0939,106.8655,106.3355

2026-05-27 00:46:17,223.6506,223.8180,223.7531,106.0939,106.8655,106.3355

2026-05-27 00:47:17,223.6506,223.8180,223.7531,106.0939,106.8655,106.3355

2026-05-27 00:48:17,223.6506,223.8180,223.7531,106.0939,106.8655,106.3355

2026-05-27 00:49:17,223.6506,223.8180,223.7531,106.0939,106.8655,106.3355

2026-05-27 00:50:17,223.6506,223.8180,223.7531,106.0939,106.8655,106.3355

2026-05-27 00:51:17,223.6506,223.8180,223.7531,106.0939,106.8655,106.3355

2026-05-27 00:52:17,223.6506,223.8180,223.7531,106.0939,106.8655,106.3355

2026-05-27 00:53:17,223.6506,223.8180,223.7531,106.0939,106.8655,106.3355

2026-05-27 00:54:17,223.6506,223.8180,223.7531,106.0939,106.8655,106.3355

2026-05-27 00:55:17,223.6506,223.8180,223.7531,106.0939,106.8655,106.3355

2026-05-27 00:56:17,223.6506,223.8180,223.7531,106.0939,106.8655,106.3355

2026-05-27 00:57:17,223.6506,223.8180,223.7531,106.0939,106.8655,106.3355

2026-05-27 00:58:17,223.6506,223.8180,223.7531,106.0939,106.8655,106.3355

2026-05-27 00:59:17,223.6506,223.8180,223.7531,106.0939,106.8655,106.3355

2026-05-27 01:00:17,223.6506,223.8180,223.7531,106.0939,106.8655,106.3355

2026-05-27 01:01:17,223.6506,223.8180,223.7531,106.0939,106.8655,106.3355

2026-05-27 01:02:17,223.6506,223.8180,223.7531,106.0939,106.8655,106.3355

2026-05-27 01:03:17,223.6506,223.8180,223.7531,106.0939,106.8655,106.3355

2026-05-27 01:04:17,223.6506,223.8180,223.7531,106.0939,106.8655,106.3355

2026-05-27 01:05:17,223.6506,223.8180,223.7531,106.0939,106.8655,106.3355

2026-05-27 01:06:17,223.6506,223.8180,223.7531,106.0939,106.8655,106.3355

2026-05-27 01:07:17,223.6506,223.8180,223.7531,106.0939,106.8655,106.3355

2026-05-27 01:08:17,223.6506,223.8180,223.7531,106.0939,106.8655,106.3355

2026-05-27 01:09:17,223.6506,223.8180,223.7531,106.0939,106.8655,106.3355

2026-05-27 01:10:17,223.6506,223.8180,223.7531,106.0939,106.8655,106.3355

2026-05-27 01:11:17,223.6506,223.8180,223.7531,106.0939,106.8655,106.3355

2026-05-27 01:12:17,223.6506,223.8180,223.7531,106.0939,106.8655,106.3355

2026-05-27 01:13:17,223.6506,223.8180,223.7531,106.0939,106.8655,106.3355

2026-05-27 01:14:17,223.6506,223.8180,223.7531,106.0939,106.8655,106.3355

2026-05-27 01:15:17,223.6506,223.8180,223.7531,106.0939,106.8655,106.3355

2026-05-27 01:16:17,223.6506,223.8180,223.7531,106.0939,106.8655,106.3355

2026-05-27 01:17:17,223.6506,223.8180,223.7531,106.0939,106.8655,106.3355

2026-05-27 01:18:17,223.6506,223.8180,223.7531,106.0939,106.8655,106.3355

2026-05-27 01:19:17,223.6506,223.8180,223.7531,106.0939,106.8655,106.3355

2026-05-27 01:20:17,223.6506,223.8180,223.7531,106.0939,106.8655,106.3355

2026-05-27 01:21:17,223.6506,223.8180,223.7531,106.0939,106.8655,106.3355

2026-05-27 01:22:17,223.6506,223.8180,223.7531,106.0939,106.8655,106.3355

2026-05-27 01:23:17,223.6506,223.8180,223.7531,106.0939,106.8655,106.3355

2026-05-27 01:24:17,223.6506,223.8180,223.7531,106.0939,106.8655,106.3355

2026-05-27 01:25:17,223.6506,223.8180,223.7531,106.0939,106.8655,106.3355

2026-05-27 01:26:17,223.6506,223.8180,223.7531,106.0939,106.8655,106.3355

2026-05-27 01:27:17,223.6506,223.8180,223.7531,106.0939,106.8655,106.3355

2026-05-27 01:28:17,223.6506,223.8180,223.7531,106.0939,106.8655,106.3355

2026-05-27 01:29:17,223.6506,223.8180,223.7531,106.0939,106.8655,106.3355

2026-05-27 01:30:17,223.6506,223.8180,223.7531,106.0939,106.8655,106.3355

2026-05-27 01:31:17,223.6506,223.8180,223.7531,106.0939,106.8655,106.3355

2026-05-27 01:32:17,223.6506,223.8180,223.7531,106.0939,106.8655,106.3355

2026-05-27 01:33:17,223.6506,223.8180,223.7531,106.0939,106.8655,106.3355

2026-05-27 01:34:17,223.6506,223.8180,223.7531,106.0939,106.8655,106.3355

2026-05-27 01:35:17,223.6506,223.8180,223.7531,106.0939,106.8655,106.3355

2026-05-27 01:36:17,223.6506,223.8180,223.7531,106.0939,106.8655,106.3355

2026-05-27 01:37:17,223.6506,223.8180,223.7531,106.0939,106.8655,106.3355

2026-05-27 01:38:17,223.6506,223.8180,223.7531,106.0939,106.8655,106.3355

2026-05-27 01:39:17,223.6506,223.8180,223.7531,106.0939,106.8655,106.3355

2026-05-27 01:40:17,223.6506,223.8180,223.7531,106.0939,106.8655,106.3355

2026-05-27 01:41:17,223.6506,223.8180,223.7531,106.0939,106.8655,106.3355

2026-05-27 01:42:17,223.6506,223.8180,223.7531,106.0939,106.8655,106.3355

2026-05-27 01:43:17,223.6506,223.8180,223.7531,106.0939,106.8655,106.3355

2026-05-27 01:44:17,223.6506,223.8180,223.7531,106.0939,106.8655,106.3355

2026-05-27 01:45:17,223.6506,223.8180,223.7531,106.0939,106.8655,106.3355

2026-05-27 01:46:17,223.6506,223.8180,223.7531,106.0939,106.8655,106.3355

2026-05-27 01:47:17,223.6506,223.8180,223.7531,106.0939,106.8655,106.3355

2026-05-27 01:48:17,223.6506,223.8180,223.7531,106.0939,106.8655,106.3355

2026-05-27 01:49:17,223.6506,223.8180,223.7531,106.0939,106.8655,106.3355

2026-05-27 01:50:17,223.6506,223.8180,223.7531,106.0939,106.8655,106.3355

2026-05-27 01:51:17,223.6506,223.8180,223.7531,106.0939,106.8655,106.3355

2026-05-27 01:52:17,223.6506,223.8180,223.7531,106.0939,106.8655,106.3355

2026-05-27 01:53:17,223.6506,223.8180,223.7531,106.0939,106.8655,106.3355

2026-05-27 01:54:17,223.6506,223.8180,223.7531,106.0939,106.8655,106.3355

2026-05-27 01:55:17,223.6506,223.8180,223.7531,106.0939,106.8655,106.3355

2026-05-27 01:56:17,223.6506,223.8180,223.7531,106.0939,106.8655,106.3355

2026-05-27 01:57:17,223.6506,223.8180,223.7531,106.0939,106.8655,106.3355

2026-05-27 01:58:17,223.6506,223.8180,223.7531,106.0939,106.8655,106.3355

2026-05-27 01:59:17,223.6506,223.8180,223.7531,106.0939,106.8655,106.3355

2026-05-27 02:00:17,223.6506,223.8180,223.7531,106.0939,106.8655,106.3355

2026-05-27 02:01:17,223.6506,223.8180,223.7531,106.0939,106.8655,106.3355

2026-05-27 02:02:17,223.6506,223.8180,223.7531,106.0939,106.8655,106.3355

2026-05-27 02:03:17,223.6506,223.8180,223.7531,106.0939,106.8655,106.3355

2026-05-27 02:04:17,223.6506,223.8180,223.7531,106.0939,106.8655,106.3355

2026-05-27 02:05:17,223.6506,223.8180,223.7531,106.0939,106.8655,106.3355

2026-05-27 02:06:17,223.6506,223.8180,223.7531,106.0939,106.8655,106.3355

2026-05-27 02:07:17,223.6506,223.8180,223.7531,106.0939,106.8655,106.3355

2026-05-27 02:08:17,223.6506,223.8180,223.7531,106.0939,106.8655,106.3355

2026-05-27 02:09:17,223.6506,223.8180,223.7531,106.0939,106.8655,106.3355

2026-05-27 02:10:17,223.6506,223.8180,223.7531,106.0939,106.8655,106.3355

2026-05-27 02:11:17,223.6506,223.8180,223.7531,106.0939,106.8655,106.3355

2026-05-27 02:12:17,223.6506,223.8180,223.7531,106.0939,106.8655,106.3355

2026-05-27 02:13:17,223.6506,223.8180,223.7531,106.0939,106.8655,106.3355

2026-05-27 02:14:17,223.6506,223.8180,223.7531,106.0939,106.8655,106.3355

2026-05-27 02:15:17,223.6506,223.8180,223.7531,106.0939,106.8655,106.3355

2026-05-27 02:16:17,223.6506,223.8180,223.7531,106.0939,106.8655,106.3355

2026-05-27 02:17:17,223.6506,223.8180,223.7531,106.0939,106.8655,106.3355

2026-05-27 02:18:17,223.6506,223.8180,223.7531,106.0939,106.8655,106.3355

2026-05-27 02:19:17,223.6506,223.8180,223.7531,106.0939,106.8655,106.3355

2026-05-27 02:20:17,223.6506,223.8180,223.7531,106.0939,106.8655,106.3355

2026-05-27 02:21:17,223.6506,223.8180,223.7531,106.0939,106.8655,106.3355

2026-05-27 02:22:17,223.6506,223.8180,223.7531,106.0939,106.8655,106.3355

2026-05-27 02:23:17,223.6506,223.8180,223.7531,106.0939,106.8655,106.3355

2026-05-27 02:24:17,223.6506,223.8180,223.7531,106.0939,106.8655,106.3355

2026-05-27 02:25:17,223.6506,223.8180,223.7531,106.0939,106.8655,106.3355

2026-05-27 02:26:17,223.6506,223.8180,223.7531,106.0939,106.8655,106.3355

2026-05-27 02:27:17,223.6506,223.8180,223.7531,106.0939,106.8655,106.3355

2026-05-27 02:28:17,223.6506,223.8180,223.7531,106.0939,106.8655,106.3355

2026-05-27 02:29:17,223.6506,223.8180,223.7531,106.0939,106.8655,106.3355

2026-05-27 02:30:17,223.6506,223.8180,223.7531,106.0939,106.8655,106.3355

2026-05-27 02:31:17,223.6506,223.8180,223.7531,106.0939,106.8655,106.3355

2026-05-27 02:32:17,223.6506,223.8180,223.7531,106.0939,106.8655,106.3355

2026-05-27 02:33:17,223.6506,223.8180,223.7531,106.0939,106.8655,106.3355

2026-05-27 02:34:17,223.6506,223.8180,223.7531,106.0939,106.8655,106.3355

2026-05-27 02:35:17,223.6506,223.8180,223.7531,106.0939,106.8655,106.3355

2026-05-27 02:36:17,223.6506,223.8180,223.7531,106.0939,106.8655,106.3355

2026-05-27 02:37:17,223.6506,223.8180,223.7531,106.0939,106.8655,106.3355

2026-05-27 02:38:17,223.6506,223.8180,223.7531,106.0939,106.8655,106.3355

2026-05-27 02:39:17,223.6506,223.8180,223.7531,106.0939,106.8655,106.3355

2026-05-27 02:40:17,223.6506,223.8180,223.7531,106.0939,106.8655,106.3355

2026-05-27 02:41:17,223.6506,223.8180,223.7531,106.0939,106.8655,106.3355

2026-05-27 02:42:17,223.6506,223.8180,223.7531,106.0939,106.8655,106.3355

2026-05-27 02:43:17,223.6506,223.8180,223.7531,106.0939,106.8655,106.3355

2026-05-27 02:44:17,223.6506,223.8180,223.7531,106.0939,106.8655,106.3355

2026-05-27 02:45:17,223.6506,223.8180,223.7531,106.0939,106.8655,106.3355

2026-05-27 02:46:17,223.6506,223.8180,223.7531,106.0939,106.8655,106.3355

2026-05-27 02:47:17,223.6506,223.8180,223.7531,106.0939,106.8655,106.3355

2026-05-27 02:48:17,223.6506,223.8180,223.7531,106.0939,106.8655,106.3355

2026-05-27 02:49:17,223.6506,223.8180,223.7531,106.0939,106.8655,106.3355

2026-05-27 02:50:17,223.6506,223.8180,223.7531,106.0939,106.8655,106.3355

2026-05-27 02:51:17,223.6506,223.8180,223.7531,106.0939,106.8655,106.3355

2026-05-27 02:52:17,223.6506,223.8180,223.7531,106.0939,106.8655,106.3355

2026-05-27 02:53:17,223.6506,223.8180,223.7531,106.0939,106.8655,106.3355

2026-05-27 02:54:17,223.6506,223.8180,223.7531,106.0939,106.8655,106.3355

2026-05-27 02:55:17,223.6506,223.8180,223.7531,106.0939,106.8655,106.3355

2026-05-27 02:56:17,223.6506,223.8180,223.7531,106.0939,106.8655,106.3355

2026-05-27 02:57:17,223.6506,223.8180,223.7531,106.0939,106.8655,106.3355

2026-05-27 02:58:17,223.6506,223.8180,223.7531,106.0939,106.8655,106.3355

2026-05-27 02:59:17,223.6506,223.8180,223.7531,106.0939,106.8655,106.3355

2026-05-27 03:00:17,223.6506,223.8180,223.7531,106.0939,106.8655,106.3355

2026-05-27 03:01:17,223.6506,223.8180,223.7531,106.0939,106.8655,106.3355

2026-05-27 03:02:17,223.6506,223.8180,223.7531,106.0939,106.8655,106.3355

2026-05-27 03:03:17,223.6506,223.8180,223.7531,106.0939,106.8655,106.3355

2026-05-27 03:04:17,223.6506,223.8180,223.7531,106.0939,106.8655,106.3355

2026-05-27 03:05:17,223.6506,223.8180,223.7531,106.0939,106.8655,106.3355

2026-05-27 03:06:17,223.6506,223.8180,223.7531,106.0939,106.8655,106.3355

2026-05-27 03:07:17,223.6506,223.8180,223.7531,106.0939,106.8655,106.3355

2026-05-27 03:08:17,223.6506,223.8180,223.7531,106.0939,106.8655,106.3355

2026-05-27 03:09:17,223.6506,223.8180,223.7531,106.0939,106.8655,106.3355

2026-05-27 03:10:17,223.6506,223.8180,223.7531,106.0939,106.8655,106.3355

2026-05-27 03:11:17,223.6506,223.8180,223.7531,106.0939,106.8655,106.3355

2026-05-27 03:12:17,223.6506,223.8180,223.7531,106.0939,106.8655,106.3355

2026-05-27 03:13:17,223.6506,223.8180,223.7531,106.0939,106.8655,106.3355

2026-05-27 03:14:17,223.6506,223.8180,223.7531,106.0939,106.8655,106.3355

2026-05-27 03:15:17,223.6506,223.8180,223.7531,106.0939,106.8655,106.3355

2026-05-27 03:16:17,223.6506,223.8180,223.7531,106.0939,106.8655,106.3355

2026-05-27 03:17:17,223.6506,223.8180,223.7531,106.0939,106.8655,106.3355

2026-05-27 03:18:17,223.6506,223.8180,223.7531,106.0939,106.8655,106.3355

2026-05-27 03:19:17,223.6506,223.8180,223.7531,106.0939,106.8655,106.3355

2026-05-27 03:20:17,223.6506,223.8180,223.7531,106.0939,106.8655,106.3355

2026-05-27 03:21:17,223.6506,223.8180,223.7531,106.0939,106.8655,106.3355

2026-05-27 03:22:17,223.6506,223.8180,223.7531,106.0939,106.8655,106.3355

2026-05-27 03:23:17,223.6506,223.8180,223.7531,106.0939,106.8655,106.3355

2026-05-27 03:24:17,223.6506,223.8180,223.7531,106.0939,106.8655,106.3355

2026-05-27 03:25:17,223.6506,223.8180,223.7531,106.0939,106.8655,106.3355

2026-05-27 03:26:17,223.6506,223.8180,223.7531,106.0939,106.8655,106.3355

2026-05-27 03:27:17,223.6506,223.8180,223.7531,106.0939,106.8655,106.3355

2026-05-27 03:28:17,223.6506,223.8180,223.7531,106.0939,106.8655,106.3355

2026-05-27 03:29:17,223.6506,223.8180,223.7531,106.0939,106.8655,106.3355

2026-05-27 03:30:17,223.6506,223.8180,223.7531,106.0939,106.8655,106.3355

2026-05-27 03:31:17,223.6506,223.8180,223.7531,106.0939,106.8655,106.3355

2026-05-27 03:32:17,223.6506,223.8180,223.7531,106.0939,106.8655,106.3355

2026-05-27 03:33:17,223.6506,223.8180,223.7531,106.0939,106.8655,106.3355

2026-05-27 03:34:17,223.6506,223.8180,223.7531,106.0939,106.8655,106.3355

2026-05-27 03:35:17,223.6506,223.8180,223.7531,106.0939,106.8655,106.3355

2026-05-27 03:36:17,223.6506,223.8180,223.7531,106.0939,106.8655,106.3355

2026-05-27 03:37:17,223.6506,223.8180,223.7531,106.0939,106.8655,106.3355

2026-05-27 03:38:17,223.6506,223.8180,223.7531,106.0939,106.8655,106.3355

2026-05-27 03:39:17,223.6506,223.8180,223.7531,106.0939,106.8655,106.3355

2026-05-27 03:40:17,223.6506,223.8180,223.7531,106.0939,106.8655,106.3355

2026-05-27 03:41:17,223.6506,223.8180,223.7531,106.0939,106.8655,106.3355

2026-05-27 03:42:17,223.6506,223.8180,223.7531,106.0939,106.8655,106.3355

2026-05-27 03:43:17,223.6506,223.8180,223.7531,106.0939,106.8655,106.3355

2026-05-27 03:44:17,223.6506,223.8180,223.7531,106.0939,106.8655,106.3355

2026-05-27 03:45:17,223.6506,223.8180,223.7531,106.0939,106.8655,106.3355

2026-05-27 03:46:17,223.6506,223.8180,223.7531,106.0939,106.8655,106.3355

2026-05-27 03:47:17,223.6506,223.8180,223.7531,106.0939,106.8655,106.3355

2026-05-27 03:48:17,223.6506,223.8180,223.7531,106.0939,106.8655,106.3355

2026-05-27 03:49:17,223.6506,223.8180,223.7531,106.0939,106.8655,106.3355

2026-05-27 03:50:17,223.6506,223.8180,223.7531,106.0939,106.8655,106.3355

2026-05-27 03:51:17,223.6506,223.8180,223.7531,106.0939,106.8655,106.3355

2026-05-27 03:52:17,223.6506,223.8180,223.7531,106.0939,106.8655,106.3355

2026-05-27 03:53:17,223.6506,223.8180,223.7531,106.0939,106.8655,106.3355

2026-05-27 03:54:17,223.6506,223.8180,223.7531,106.0939,106.8655,106.3355

2026-05-27 03:55:17,223.6506,223.8180,223.7531,106.0939,106.8655,106.3355

2026-05-27 03:56:17,223.6506,223.8180,223.7531,106.0939,106.8655,106.3355

2026-05-27 03:57:17,223.6506,223.8180,223.7531,106.0939,106.8655,106.3355

2026-05-27 03:58:17,223.6506,223.8180,223.7531,106.0939,106.8655,106.3355

2026-05-27 03:59:17,223.6506,223.8180,223.7531,106.0939,106.8655,106.3355

2026-05-27 04:00:17,223.6506,223.8180,223.7531,106.0939,106.8655,106.3355

2026-05-27 04:01:17,223.6506,223.8180,223.7531,106.0939,106.8655,106.3355

2026-05-27 04:02:17,223.6506,223.8180,223.7531,106.0939,106.8655,106.3355

2026-05-27 04:03:17,223.6506,223.8180,223.7531,106.0939,106.8655,106.3355

2026-05-27 04:04:17,223.6506,223.8180,223.7531,106.0939,106.8655,106.3355

2026-05-27 04:05:17,223.6506,223.8180,223.7531,106.0939,106.8655,106.3355

2026-05-27 04:06:17,223.6506,223.8180,223.7531,106.0939,106.8655,106.3355

2026-05-27 04:07:17,223.6506,223.8180,223.7531,106.0939,106.8655,106.3355

2026-05-27 04:08:17,223.6506,223.8180,223.7531,106.0939,106.8655,106.3355

2026-05-27 04:09:17,223.6506,223.8180,223.7531,106.0939,106.8655,106.3355

2026-05-27 04:10:17,223.6506,223.8180,223.7531,106.0939,106.8655,106.3355

2026-05-27 04:11:17,223.6506,223.8180,223.7531,106.0939,106.8655,106.3355

2026-05-27 04:12:17,223.6506,223.8180,223.7531,106.0939,106.8655,106.3355

2026-05-27 04:13:17,223.6506,223.8180,223.7531,106.0939,106.8655,106.3355

2026-05-27 04:14:17,223.6506,223.8180,223.7531,106.0939,106.8655,106.3355

2026-05-27 04:15:17,223.6506,223.8180,223.7531,106.0939,106.8655,106.3355

2026-05-27 04:16:17,223.6506,223.8180,223.7531,106.0939,106.8655,106.3355

2026-05-27 04:17:17,223.6506,223.8180,223.7531,106.0939,106.8655,106.3355

2026-05-27 04:18:17,223.6506,223.8180,223.7531,106.0939,106.8655,106.3355

2026-05-27 04:19:17,223.6506,223.8180,223.7531,106.0939,106.8655,106.3355

2026-05-27 04:20:17,223.6506,223.8180,223.7531,106.0939,106.8655,106.3355

2026-05-27 04:21:17,223.6506,223.8180,223.7531,106.0939,106.8655,106.3355

2026-05-27 04:22:17,223.6506,223.8180,223.7531,106.0939,106.8655,106.3355

2026-05-27 04:23:17,223.6506,223.8180,223.7531,106.0939,106.8655,106.3355

2026-05-27 04:24:17,223.6506,223.8180,223.7531,106.0939,106.8655,106.3355

2026-05-27 04:25:17,223.6506,223.8180,223.7531,106.0939,106.8655,106.3355

2026-05-27 04:26:17,223.6506,223.8180,223.7531,106.0939,106.8655,106.3355

2026-05-27 04:27:17,223.6506,223.8180,223.7531,106.0939,106.8655,106.3355

2026-05-27 04:28:17,223.6506,223.8180,223.7531,106.0939,106.8655,106.3355

2026-05-27 04:29:17,223.6506,223.8180,223.7531,106.0939,106.8655,106.3355

2026-05-27 04:30:17,223.6506,223.8180,223.7531,106.0939,106.8655,106.3355

2026-05-27 04:31:17,223.6506,223.8180,223.7531,106.0939,106.8655,106.3355

2026-05-27 04:32:17,223.6506,223.8180,223.7531,106.0939,106.8655,106.3355

2026-05-27 04:33:17,223.6506,223.8180,223.7531,106.0939,106.8655,106.3355

2026-05-27 04:34:17,223.6506,223.8180,223.7531,106.0939,106.8655,106.3355

2026-05-27 04:35:17,223.6506,223.8180,223.7531,106.0939,106.8655,106.3355

2026-05-27 04:36:17,223.6506,223.8180,223.7531,106.0939,106.8655,106.3355

2026-05-27 04:37:17,223.6506,223.8180,223.7531,106.0939,106.8655,106.3355

2026-05-27 04:38:17,223.6506,223.8180,223.7531,106.0939,106.8655,106.3355

2026-05-27 04:39:17,223.6506,223.8180,223.7531,106.0939,106.8655,106.3355

2026-05-27 04:40:17,223.6506,223.8180,223.7531,106.0939,106.8655,106.3355

2026-05-27 04:41:17,223.6506,223.8180,223.7531,106.0939,106.8655,106.3355

2026-05-27 04:42:17,223.6506,223.8180,223.7531,106.0939,106.8655,106.3355

2026-05-27 04:43:17,223.6506,223.8180,223.7531,106.0939,106.8655,106.3355

2026-05-27 04:44:17,223.6506,223.8180,223.7531,106.0939,106.8655,106.3355

2026-05-27 04:45:17,223.6506,223.8180,223.7531,106.0939,106.8655,106.3355

2026-05-27 04:46:17,223.6506,223.8180,223.7531,106.0939,106.8655,106.3355

2026-05-27 04:47:17,223.6506,223.8180,223.7531,106.0939,106.8655,106.3355

2026-05-27 04:48:17,223.6506,223.8180,223.7531,106.0939,106.8655,106.3355

2026-05-27 04:49:17,223.6506,223.8180,223.7531,106.0939,106.8655,106.3355

2026-05-27 04:50:17,223.6506,223.8180,223.7531,106.0939,106.8655,106.3355

2026-05-27 04:51:17,223.6506,223.8180,223.7531,106.0939,106.8655,106.3355

2026-05-27 04:52:17,223.6506,223.8180,223.7531,106.0939,106.8655,106.3355

2026-05-27 04:53:17,223.6506,223.8180,223.7531,106.0939,106.8655,106.3355

2026-05-27 04:54:17,223.6506,223.8180,223.7531,106.0939,106.8655,106.3355

2026-05-27 04:55:17,223.6506,223.8180,223.7531,106.0939,106.8655,106.3355

2026-05-27 04:56:17,223.6506,223.8180,223.7531,106.0939,106.8655,106.3355

2026-05-27 04:57:17,223.6506,223.8180,223.7531,106.0939,106.8655,106.3355

2026-05-27 04:58:17,223.6506,223.8180,223.7531,106.0939,106.8655,106.3355

2026-05-27 04:59:17,223.6506,223.8180,223.7531,106.0939,106.8655,106.3355

2026-05-27 05:00:17,223.6506,223.8180,223.7531,106.0939,106.8655,106.3355

2026-05-27 05:01:17,223.6506,223.8180,223.7531,106.0939,106.8655,106.3355

2026-05-27 05:02:17,223.6506,223.8180,223.7531,106.0939,106.8655,106.3355

2026-05-27 05:03:17,223.6506,223.8180,223.7531,106.0939,106.8655,106.3355

2026-05-27 05:04:17,223.6506,223.8180,223.7531,106.0939,106.8655,106.3355

2026-05-27 05:05:17,223.6506,223.8180,223.7531,106.0939,106.8655,106.3355

2026-05-27 05:06:17,223.6506,223.8180,223.7531,106.0939,106.8655,106.3355

2026-05-27 05:07:17,223.6506,223.8180,223.7531,106.0939,106.8655,106.3355

2026-05-27 05:08:17,223.6506,223.8180,223.7531,106.0939,106.8655,106.3355

2026-05-27 05:09:17,223.6506,223.8180,223.7531,106.0939,106.8655,106.3355

2026-05-27 05:10:17,223.6506,223.8180,223.7531,106.0939,106.8655,106.3355

2026-05-27 05:11:17,223.6506,223.8180,223.7531,106.0939,106.8655,106.3355

2026-05-27 05:12:17,223.6506,223.8180,223.7531,106.0939,106.8655,106.3355

2026-05-27 05:13:17,223.6506,223.8180,223.7531,106.0939,106.8655,106.3355

2026-05-27 05:14:17,223.6506,223.8180,223.7531,106.0939,106.8655,106.3355

2026-05-27 05:15:17,223.6506,223.8180,223.7531,106.0939,106.8655,106.3355

2026-05-27 05:16:17,223.6506,223.8180,223.7531,106.0939,106.8655,106.3355

2026-05-27 05:17:17,223.6506,223.8180,223.7531,106.0939,106.8655,106.3355

2026-05-27 05:18:17,223.6506,223.8180,223.7531,106.0939,106.8655,106.3355

2026-05-27 05:19:17,223.6506,223.8180,223.7531,106.0939,106.8655,106.3355

2026-05-27 05:20:17,223.6506,223.8180,223.7531,106.0939,106.8655,106.3355

2026-05-27 05:21:17,223.6506,223.8180,223.7531,106.0939,106.8655,106.3355

2026-05-27 05:22:17,223.6506,223.8180,223.7531,106.0939,106.8655,106.3355

2026-05-27 05:23:17,223.6506,223.8180,223.7531,106.0939,106.8655,106.3355

2026-05-27 05:24:18,223.6506,223.8180,223.7531,106.0939,106.8655,106.3355

2026-05-27 05:25:18,223.6506,223.8180,223.7531,106.0939,106.8655,106.3355

2026-05-27 05:26:18,223.6506,223.8180,223.7531,106.0939,106.8655,106.3355

2026-05-27 05:27:18,223.6506,223.8180,223.7531,106.0939,106.8655,106.3355

2026-05-27 05:28:18,223.6506,223.8180,223.7531,106.0939,106.8655,106.3355

2026-05-27 05:29:18,223.6506,223.8180,223.7531,106.0939,106.8655,106.3355

2026-05-27 05:30:18,223.6506,223.8180,223.7531,106.0939,106.8655,106.3355

2026-05-27 05:31:18,223.6506,223.8180,223.7531,106.0939,106.8655,106.3355

2026-05-27 05:32:18,223.6506,223.8180,223.7531,106.0939,106.8655,106.3355

2026-05-27 05:33:18,223.6506,223.8180,223.7531,106.0939,106.8655,106.3355

2026-05-27 05:34:18,223.6506,223.8180,223.7531,106.0939,106.8655,106.3355

2026-05-27 05:35:18,223.6506,223.8180,223.7531,106.0939,106.8655,106.3355

2026-05-27 05:36:18,223.6506,223.8180,223.7531,106.0939,106.8655,106.3355

2026-05-27 05:37:18,223.6506,223.8180,223.7531,106.0939,106.8655,106.3355

2026-05-27 05:38:18,223.6506,223.8180,223.7531,106.0939,106.8655,106.3355

2026-05-27 05:39:18,223.6506,223.8180,223.7531,106.0939,106.8655,106.3355

2026-05-27 05:40:18,223.6506,223.8180,223.7531,106.0939,106.8655,106.3355

2026-05-27 05:41:18,223.6506,223.8180,223.7531,106.0939,106.8655,106.3355

2026-05-27 05:42:18,223.6506,223.8180,223.7531,106.0939,106.8655,106.3355

2026-05-27 05:43:18,223.6506,223.8180,223.7531,106.0939,106.8655,106.3355

2026-05-27 05:44:18,223.6506,223.8180,223.7531,106.0939,106.8655,106.3355

2026-05-27 05:45:18,223.6506,223.8180,223.7531,106.0939,106.8655,106.3355

2026-05-27 05:46:18,223.6506,223.8180,223.7531,106.0939,106.8655,106.3355

2026-05-27 05:47:18,223.6506,223.8180,223.7531,106.0939,106.8655,106.3355

2026-05-27 05:48:18,223.6506,223.8180,223.7531,106.0939,106.8655,106.3355

2026-05-27 05:49:18,223.6506,223.8180,223.7531,106.0939,106.8655,106.3355

2026-05-27 05:50:18,223.6506,223.8180,223.7531,106.0939,106.8655,106.3355

2026-05-27 05:51:18,223.6506,223.8180,223.7531,106.0939,106.8655,106.3355

2026-05-27 05:52:18,223.6506,223.8180,223.7531,106.0939,106.8655,106.3355

2026-05-27 05:53:18,223.6506,223.8180,223.7531,106.0939,106.8655,106.3355

2026-05-27 05:54:18,223.6506,223.8180,223.7531,106.0939,106.8655,106.3355

2026-05-27 05:55:18,223.6506,223.8180,223.7531,106.0939,106.8655,106.3355

2026-05-27 05:56:18,223.6506,223.8180,223.7531,106.0939,106.8655,106.3355

2026-05-27 05:57:18,223.6506,223.8180,223.7531,106.0939,106.8655,106.3355

2026-05-27 05:58:18,223.6506,223.8180,223.7531,106.0939,106.8655,106.3355

2026-05-27 05:59:18,223.6506,223.8180,223.7531,106.0939,106.8655,106.3355

2026-05-27 06:00:18,223.6506,223.8180,223.7531,106.0939,106.8655,106.3355

2026-05-27 06:01:18,223.6506,223.8180,223.7531,106.0939,106.8655,106.3355

2026-05-27 06:02:18,223.6506,223.8180,223.7531,106.0939,106.8655,106.3355

2026-05-27 06:03:18,223.6506,223.8180,223.7531,106.0939,106.8655,106.3355

2026-05-27 06:04:18,223.6506,223.8180,223.7531,106.0939,106.8655,106.3355

2026-05-27 06:05:18,223.6506,223.8180,223.7531,106.0939,106.8655,106.3355

2026-05-27 06:06:18,223.6506,223.8180,223.7531,106.0939,106.8655,106.3355

2026-05-27 06:07:18,223.6506,223.8180,223.7531,106.0939,106.8655,106.3355

2026-05-27 06:08:18,223.6506,223.8180,223.7531,106.0939,106.8655,106.3355

2026-05-27 06:09:18,223.6506,223.8180,223.7531,106.0939,106.8655,106.3355

2026-05-27 06:10:18,223.6506,223.8180,223.7531,106.0939,106.8655,106.3355

2026-05-27 06:11:18,223.6506,223.8180,223.7531,106.0939,106.8655,106.3355

2026-05-27 06:12:18,223.6506,223.8180,223.7531,106.0939,106.8655,106.3355

2026-05-27 06:13:18,223.6506,223.8180,223.7531,106.0939,106.8655,106.3355

2026-05-27 06:14:18,223.6506,223.8180,223.7531,106.0939,106.8655,106.3355

2026-05-27 06:15:18,223.6506,223.8180,223.7531,106.0939,106.8655,106.3355

2026-05-27 06:16:18,223.6506,223.8180,223.7531,106.0939,106.8655,106.3355

2026-05-27 06:17:18,223.6506,223.8180,223.7531,106.0939,106.8655,106.3355

2026-05-27 06:18:18,223.6506,223.8180,223.7531,106.0939,106.8655,106.3355

2026-05-27 06:19:18,223.6506,223.8180,223.7531,106.0939,106.8655,106.3355

2026-05-27 06:20:18,223.6506,223.8180,223.7531,106.0939,106.8655,106.3355

2026-05-27 06:21:18,223.6506,223.8180,223.7531,106.0939,106.8655,106.3355

2026-05-27 06:22:18,223.6506,223.8180,223.7531,106.0939,106.8655,106.3355

2026-05-27 06:23:18,223.6506,223.8180,223.7531,106.0939,106.8655,106.3355

2026-05-27 06:24:18,223.6506,223.8180,223.7531,106.0939,106.8655,106.3355

2026-05-27 06:25:18,223.6506,223.8180,223.7531,106.0939,106.8655,106.3355

2026-05-27 06:26:18,223.6506,223.8180,223.7531,106.0939,106.8655,106.3355

2026-05-27 06:27:18,223.6506,223.8180,223.7531,106.0939,106.8655,106.3355

2026-05-27 06:28:18,223.6506,223.8180,223.7531,106.0939,106.8655,106.3355

2026-05-27 06:29:18,223.6506,223.8180,223.7531,106.0939,106.8655,106.3355

2026-05-27 06:30:18,223.6506,223.8180,223.7531,106.0939,106.8655,106.3355

2026-05-27 06:31:18,223.6506,223.8180,223.7531,106.0939,106.8655,106.3355

2026-05-27 06:32:18,223.6506,223.8180,223.7531,106.0939,106.8655,106.3355

2026-05-27 06:33:18,223.6506,223.8180,223.7531,106.0939,106.8655,106.3355

2026-05-27 06:34:18,223.6506,223.8180,223.7531,106.0939,106.8655,106.3355

2026-05-27 06:35:18,223.6506,223.8180,223.7531,106.0939,106.8655,106.3355

2026-05-27 06:36:18,223.6506,223.8180,223.7531,106.0939,106.8655,106.3355

2026-05-27 06:37:18,223.6506,223.8180,223.7531,106.0939,106.8655,106.3355

2026-05-27 06:38:18,223.6506,223.8180,223.7531,106.0939,106.8655,106.3355

2026-05-27 06:39:18,223.6506,223.8180,223.7531,106.0939,106.8655,106.3355

2026-05-27 06:40:18,223.6506,223.8180,223.7531,106.0939,106.8655,106.3355

2026-05-27 06:41:18,223.6506,223.8180,223.7531,106.0939,106.8655,106.3355

2026-05-27 06:42:18,223.6506,223.8180,223.7531,106.0939,106.8655,106.3355

2026-05-27 06:43:18,223.6506,223.8180,223.7531,106.0939,106.8655,106.3355

2026-05-27 06:44:18,223.6506,223.8180,223.7531,106.0939,106.8655,106.3355

2026-05-27 06:45:18,223.6506,223.8180,223.7531,106.0939,106.8655,106.3355

2026-05-27 06:46:18,223.6506,223.8180,223.7531,106.0939,106.8655,106.3355

2026-05-27 06:47:18,223.6506,223.8180,223.7531,106.0939,106.8655,106.3355

2026-05-27 06:48:18,223.6506,223.8180,223.7531,106.0939,106.8655,106.3355

2026-05-27 06:49:18,223.6506,223.8180,223.7531,106.0939,106.8655,106.3355

2026-05-27 06:50:18,223.6506,223.8180,223.7531,106.0939,106.8655,106.3355

2026-05-27 06:51:18,223.6506,223.8180,223.7531,106.0939,106.8655,106.3355

2026-05-27 06:52:18,223.6506,223.8180,223.7531,106.0939,106.8655,106.3355

2026-05-27 06:53:18,223.6506,223.8180,223.7531,106.0939,106.8655,106.3355

2026-05-27 06:54:18,223.6506,223.8180,223.7531,106.0939,106.8655,106.3355

2026-05-27 06:55:18,223.6506,223.8180,223.7531,106.0939,106.8655,106.3355

2026-05-27 06:56:18,223.6506,223.8180,223.7531,106.0939,106.8655,106.3355

2026-05-27 06:57:18,223.6506,223.8180,223.7531,106.0939,106.8655,106.3355

2026-05-27 06:58:18,223.6506,223.8180,223.7531,106.0939,106.8655,106.3355

2026-05-27 06:59:18,223.6506,223.8180,223.7531,106.0939,106.8655,106.3355

2026-05-27 07:00:18,223.6506,223.8180,223.7531,106.0939,106.8655,106.3355

2026-05-27 07:01:18,223.6506,223.8180,223.7531,106.0939,106.8655,106.3355

2026-05-27 07:02:18,223.6506,223.8180,223.7531,106.0939,106.8655,106.3355

2026-05-27 07:03:18,223.6506,223.8180,223.7531,106.0939,106.8655,106.3355

2026-05-27 07:04:18,223.6506,223.8180,223.7531,106.0939,106.8655,106.3355

2026-05-27 07:05:18,223.6506,223.8180,223.7531,106.0939,106.8655,106.3355

2026-05-27 07:06:18,223.6506,223.8180,223.7531,106.0939,106.8655,106.3355

2026-05-27 07:07:18,223.6506,223.8180,223.7531,106.0939,106.8655,106.3355

2026-05-27 07:08:18,223.6506,223.8180,223.7531,106.0939,106.8655,106.3355

2026-05-27 07:09:18,223.6506,223.8180,223.7531,106.0939,106.8655,106.3355

2026-05-27 07:10:18,223.6506,223.8180,223.7531,106.0939,106.8655,106.3355

2026-05-27 07:11:18,223.6506,223.8180,223.7531,106.0939,106.8655,106.3355

2026-05-27 07:12:18,223.6506,223.8180,223.7531,106.0939,106.8655,106.3355

2026-05-27 07:13:18,223.6506,223.8180,223.7531,106.0939,106.8655,106.3355

2026-05-27 07:14:18,223.6506,223.8180,223.7531,106.0939,106.8655,106.3355

2026-05-27 07:15:18,223.6506,223.8180,223.7531,106.0939,106.8655,106.3355

2026-05-27 07:16:18,223.6506,223.8180,223.7531,106.0939,106.8655,106.3355

2026-05-27 07:17:18,223.6506,223.8180,223.7531,106.0939,106.8655,106.3355

2026-05-27 07:18:18,223.6506,223.8180,223.7531,106.0939,106.8655,106.3355

2026-05-27 07:19:18,223.6506,223.8180,223.7531,106.0939,106.8655,106.3355

2026-05-27 07:20:18,223.6506,223.8180,223.7531,106.0939,106.8655,106.3355

2026-05-27 07:21:18,223.6506,223.8180,223.7531,106.0939,106.8655,106.3355

2026-05-27 07:22:18,223.6506,223.8180,223.7531,106.0939,106.8655,106.3355

2026-05-27 07:23:18,223.6506,223.8180,223.7531,106.0939,106.8655,106.3355

2026-05-27 07:24:18,223.6506,223.8180,223.7531,106.0939,106.8655,106.3355

2026-05-27 07:25:18,223.6506,223.8180,223.7531,106.0939,106.8655,106.3355

2026-05-27 07:26:18,223.6506,223.8180,223.7531,106.0939,106.8655,106.3355

2026-05-27 07:27:18,223.6506,223.8180,223.7531,106.0939,106.8655,106.3355

2026-05-27 07:28:18,223.6506,223.8180,223.7531,106.0939,106.8655,106.3355

2026-05-27 07:29:18,223.6506,223.8180,223.7531,106.0939,106.8655,106.3355

2026-05-27 07:30:18,223.6506,223.8180,223.7531,106.0939,106.8655,106.3355

2026-05-27 07:31:18,223.6506,223.8180,223.7531,106.0939,106.8655,106.3355

2026-05-27 07:32:18,223.6506,223.8180,223.7531,106.0939,106.8655,106.3355

2026-05-27 07:33:18,223.6506,223.8180,223.7531,106.0939,106.8655,106.3355

2026-05-27 07:34:18,223.6506,223.8180,223.7531,106.0939,106.8655,106.3355

2026-05-27 07:35:18,223.6506,223.8180,223.7531,106.0939,106.8655,106.3355

2026-05-27 07:36:18,223.6506,223.8180,223.7531,106.0939,106.8655,106.3355

2026-05-27 07:37:18,223.6506,223.8180,223.7531,106.0939,106.8655,106.3355

2026-05-27 07:38:18,223.6506,223.8180,223.7531,106.0939,106.8655,106.3355

2026-05-27 07:39:18,223.6506,223.8180,223.7531,106.0939,106.8655,106.3355

2026-05-27 07:40:18,223.6506,223.8180,223.7531,106.0939,106.8655,106.3355

2026-05-27 07:41:18,223.6506,223.8180,223.7531,106.0939,106.8655,106.3355

2026-05-27 07:42:18,223.6506,223.8180,223.7531,106.0939,106.8655,106.3355

2026-05-27 07:43:18,223.6506,223.8180,223.7531,106.0939,106.8655,106.3355

2026-05-27 07:44:18,223.6506,223.8180,223.7531,106.0939,106.8655,106.3355

2026-05-27 07:45:18,223.6506,223.8180,223.7531,106.0939,106.8655,106.3355

2026-05-27 07:46:18,223.6506,223.8180,223.7531,106.0939,106.8655,106.3355

2026-05-27 07:47:18,223.6506,223.8180,223.7531,106.0939,106.8655,106.3355

2026-05-27 07:48:18,223.6506,223.8180,223.7531,106.0939,106.8655,106.3355

2026-05-27 07:49:18,223.6506,223.8180,223.7531,106.0939,106.8655,106.3355

2026-05-27 07:50:18,223.6506,223.8180,223.7531,106.0939,106.8655,106.3355

2026-05-27 07:51:18,223.6506,223.8180,223.7531,106.0939,106.8655,106.3355

2026-05-27 07:52:18,223.6506,223.8180,223.7531,106.0939,106.8655,106.3355

2026-05-27 07:53:18,223.6506,223.8180,223.7531,106.0939,106.8655,106.3355

2026-05-27 07:54:18,223.6506,223.8180,223.7531,106.0939,106.8655,106.3355

2026-05-27 07:55:18,223.6506,223.8180,223.7531,106.0939,106.8655,106.3355

2026-05-27 07:56:18,223.6506,223.8180,223.7531,106.0939,106.8655,106.3355

2026-05-27 07:57:18,223.6506,223.8180,223.7531,106.0939,106.8655,106.3355

2026-05-27 07:58:18,223.6506,223.8180,223.7531,106.0939,106.8655,106.3355

2026-05-27 07:59:18,223.6506,223.8180,223.7531,106.0939,106.8655,106.3355

2026-05-27 08:00:18,223.6506,223.8180,223.7531,106.0939,106.8655,106.3355

2026-05-27 08:01:18,223.6506,223.8180,223.7531,106.0939,106.8655,106.3355

2026-05-27 08:02:18,223.6506,223.8180,223.7531,106.0939,106.8655,106.3355

2026-05-27 08:03:18,223.6506,223.8180,223.7531,106.0939,106.8655,106.3355

2026-05-27 08:04:18,223.6506,223.8180,223.7531,106.0939,106.8655,106.3355

2026-05-27 08:05:18,223.6506,223.8180,223.7531,106.0939,106.8655,106.3355

2026-05-27 08:06:18,223.6506,223.8180,223.7531,106.0939,106.8655,106.3355

2026-05-27 08:07:18,223.6506,223.8180,223.7531,106.0939,106.8655,106.3355

2026-05-27 08:08:18,223.6506,223.8180,223.7531,106.0939,106.8655,106.3355

2026-05-27 08:09:18,223.6506,223.8180,223.7531,106.0939,106.8655,106.3355

2026-05-27 08:10:18,223.6506,223.8180,223.7531,106.0939,106.8655,106.3355

2026-05-27 08:11:18,223.6506,223.8180,223.7531,106.0939,106.8655,106.3355

2026-05-27 08:12:18,223.6506,223.8180,223.7531,106.0939,106.8655,106.3355

2026-05-27 08:13:18,223.6506,223.8180,223.7531,106.0939,106.8655,106.3355

2026-05-27 08:14:18,223.6506,223.8180,223.7531,106.0939,106.8655,106.3355

2026-05-27 08:15:18,223.6506,223.8180,223.7531,106.0939,106.8655,106.3355

2026-05-27 08:16:18,223.6506,223.8180,223.7531,106.0939,106.8655,106.3355

2026-05-27 08:17:18,223.6506,223.8180,223.7531,106.0939,106.8655,106.3355

2026-05-27 08:18:18,223.6506,223.8180,223.7531,106.0939,106.8655,106.3355

2026-05-27 08:19:18,223.6506,223.8180,223.7531,106.0939,106.8655,106.3355

2026-05-27 08:20:18,223.6506,223.8180,223.7531,106.0939,106.8655,106.3355

2026-05-27 08:21:18,223.6506,223.8180,223.7531,106.0939,106.8655,106.3355

2026-05-27 08:22:18,223.6506,223.8180,223.7531,106.0939,106.8655,106.3355

2026-05-27 08:23:18,223.6506,223.8180,223.7531,106.0939,106.8655,106.3355

2026-05-27 08:24:18,223.6506,223.8180,223.7531,106.0939,106.8655,106.3355

2026-05-27 08:25:18,223.6506,223.8180,223.7531,106.0939,106.8655,106.3355

2026-05-27 08:26:18,223.6506,223.8180,223.7531,106.0939,106.8655,106.3355

2026-05-27 08:27:18,223.6506,223.8180,223.7531,106.0939,106.8655,106.3355

2026-05-27 08:28:18,223.6506,223.8180,223.7531,106.0939,106.8655,106.3355

2026-05-27 08:29:18,223.6506,223.8180,223.7531,106.0939,106.8655,106.3355

2026-05-27 08:30:18,223.6506,223.8180,223.7531,106.0939,106.8655,106.3355

2026-05-27 08:31:18,223.6506,223.8180,223.7531,106.0939,106.8655,106.3355

2026-05-27 08:32:18,223.6506,223.8180,223.7531,106.0939,106.8655,106.3355

2026-05-27 08:33:18,223.6506,223.8180,223.7531,106.0939,106.8655,106.3355

2026-05-27 08:34:18,223.6506,223.8180,223.7531,106.0939,106.8655,106.3355

2026-05-27 08:35:18,223.6506,223.8180,223.7531,106.0939,106.8655,106.3355

2026-05-27 08:36:18,223.6506,223.8180,223.7531,106.0939,106.8655,106.3355

2026-05-27 08:37:18,223.6506,223.8180,223.7531,106.0939,106.8655,106.3355

2026-05-27 08:38:18,223.6506,223.8180,223.7531,106.0939,106.8655,106.3355

2026-05-27 08:39:18,223.6506,223.8180,223.7531,106.0939,106.8655,106.3355

2026-05-27 08:40:18,223.6506,223.8180,223.7531,106.0939,106.8655,106.3355

2026-05-27 08:41:18,223.6506,223.8180,223.7531,106.0939,106.8655,106.3355

2026-05-27 08:42:18,223.6506,223.8180,223.7531,106.0939,106.8655,106.3355

2026-05-27 08:43:18,223.6506,223.8180,223.7531,106.0939,106.8655,106.3355

2026-05-27 08:44:18,223.6506,223.8180,223.7531,106.0939,106.8655,106.3355

2026-05-27 08:45:18,223.6506,223.8180,223.7531,106.0939,106.8655,106.3355

2026-05-27 08:46:18,223.6506,223.8180,223.7531,106.0939,106.8655,106.3355

2026-05-27 08:47:18,223.6506,223.8180,223.7531,106.0939,106.8655,106.3355

2026-05-27 08:48:18,223.6506,223.8180,223.7531,106.0939,106.8655,106.3355

2026-05-27 08:49:18,223.6506,223.8180,223.7531,106.0939,106.8655,106.3355

2026-05-27 08:50:18,223.6506,223.8180,223.7531,106.0939,106.8655,106.3355

2026-05-27 08:51:18,223.6506,223.8180,223.7531,106.0939,106.8655,106.3355

2026-05-27 08:52:18,223.6506,223.8180,223.7531,106.0939,106.8655,106.3355

2026-05-27 08:53:18,223.6506,223.8180,223.7531,106.0939,106.8655,106.3355

2026-05-27 08:54:18,223.6506,223.8180,223.7531,106.0939,106.8655,106.3355

2026-05-27 08:55:18,223.6506,223.8180,223.7531,106.0939,106.8655,106.3355

2026-05-27 08:56:18,223.6506,223.8180,223.7531,106.0939,106.8655,106.3355

2026-05-27 08:57:18,223.6506,223.8180,223.7531,106.0939,106.8655,106.3355

2026-05-27 08:58:18,223.6506,223.8180,223.7531,106.0939,106.8655,106.3355

2026-05-27 08:59:18,223.6506,223.8180,223.7531,106.0939,106.8655,106.3355

2026-05-27 09:00:18,223.6506,223.8180,223.7531,106.0939,106.8655,106.3355

2026-05-27 09:01:18,223.6506,223.8180,223.7531,106.0939,106.8655,106.3355

2026-05-27 09:02:18,223.6506,223.8180,223.7531,106.0939,106.8655,106.3355

2026-05-27 09:03:18,223.6506,223.8180,223.7531,106.0939,106.8655,106.3355

2026-05-27 09:04:18,223.6506,223.8180,223.7531,106.0939,106.8655,106.3355

2026-05-27 09:05:18,223.6506,223.8180,223.7531,106.0939,106.8655,106.3355

2026-05-27 09:06:18,223.6506,223.8180,223.7531,106.0939,106.8655,106.3355

2026-05-27 09:07:18,223.6506,223.8180,223.7531,106.0939,106.8655,106.3355

2026-05-27 09:08:18,223.6506,223.8180,223.7531,106.0939,106.8655,106.3355

2026-05-27 09:09:18,223.6506,223.8180,223.7531,106.0939,106.8655,106.3355

2026-05-27 09:10:18,223.6506,223.8180,223.7531,106.0939,106.8655,106.3355

2026-05-27 09:11:18,223.6506,223.8180,223.7531,106.0939,106.8655,106.3355

2026-05-27 09:12:18,223.6506,223.8180,223.7531,106.0939,106.8655,106.3355

2026-05-27 09:13:18,223.6506,223.8180,223.7531,106.0939,106.8655,106.3355

2026-05-27 09:14:18,223.6506,223.8180,223.7531,106.0939,106.8655,106.3355

2026-05-27 09:15:18,223.6506,223.8180,223.7531,106.0939,106.8655,106.3355

2026-05-27 09:16:18,223.6506,223.8180,223.7531,106.0939,106.8655,106.3355

2026-05-27 09:17:18,223.6506,223.8180,223.7531,106.0939,106.8655,106.3355

2026-05-27 09:18:18,223.6506,223.8180,223.7531,106.0939,106.8655,106.3355

2026-05-27 09:19:18,223.6506,223.8180,223.7531,106.0939,106.8655,106.3355

2026-05-27 09:20:18,223.6506,223.8180,223.7531,106.0939,106.8655,106.3355

2026-05-27 09:21:18,223.6506,223.8180,223.7531,106.0939,106.8655,106.3355

2026-05-27 09:22:18,223.6506,223.8180,223.7531,106.0939,106.8655,106.3355

2026-05-27 09:23:18,223.6506,223.8180,223.7531,106.0939,106.8655,106.3355

2026-05-27 09:24:18,223.6506,223.8180,223.7531,106.0939,106.8655,106.3355

2026-05-27 09:25:18,223.6506,223.8180,223.7531,106.0939,106.8655,106.3355

2026-05-27 09:26:18,223.6506,223.8180,223.7531,106.0939,106.8655,106.3355

2026-05-27 09:27:18,223.6506,223.8180,223.7531,106.0939,106.8655,106.3355

2026-05-27 09:28:18,223.6506,223.8180,223.7531,106.0939,106.8655,106.3355

2026-05-27 09:29:18,223.6506,223.8180,223.7531,106.0939,106.8655,106.3355

2026-05-27 09:30:18,223.6506,223.8180,223.7531,106.0939,106.8655,106.3355

2026-05-27 09:31:18,223.6506,223.8180,223.7531,106.0939,106.8655,106.3355

2026-05-27 09:32:18,223.6506,223.8180,223.7531,106.0939,106.8655,106.3355

2026-05-27 09:33:18,223.6506,223.8180,223.7531,106.0939,106.8655,106.3355

2026-05-27 09:34:18,223.6506,223.8180,223.7531,106.0939,106.8655,106.3355

2026-05-27 09:35:18,223.6506,223.8180,223.7531,106.0939,106.8655,106.3355

2026-05-27 09:36:18,223.6506,223.8180,223.7531,106.0939,106.8655,106.3355

2026-05-27 09:37:18,223.6506,223.8180,223.7531,106.0939,106.8655,106.3355

2026-05-27 09:38:18,223.6506,223.8180,223.7531,106.0939,106.8655,106.3355

2026-05-27 09:39:18,223.6506,223.8180,223.7531,106.0939,106.8655,106.3355

2026-05-27 09:40:18,223.6506,223.8180,223.7531,106.0939,106.8655,106.3355

2026-05-27 09:41:18,223.6506,223.8180,223.7531,106.0939,106.8655,106.3355

2026-05-27 09:42:18,223.6506,223.8180,223.7531,106.0939,106.8655,106.3355

2026-05-27 09:43:18,223.6506,223.8180,223.7531,106.0939,106.8655,106.3355

2026-05-27 09:44:18,223.6506,223.8180,223.7531,106.0939,106.8655,106.3355

2026-05-27 09:45:18,223.6506,223.8180,223.7531,106.0939,106.8655,106.3355

2026-05-27 09:46:18,223.6506,223.8180,223.7531,106.0939,106.8655,106.3355

2026-05-27 09:47:18,223.6506,223.8180,223.7531,106.0939,106.8655,106.3355

2026-05-27 09:48:18,223.6506,223.8180,223.7531,106.0939,106.8655,106.3355

2026-05-27 09:49:18,223.6506,223.8180,223.7531,106.0939,106.8655,106.3355

2026-05-27 09:50:18,223.6506,223.8180,223.7531,106.0939,106.8655,106.3355

2026-05-27 09:51:18,223.6506,223.8180,223.7531,106.0939,106.8655,106.3355

2026-05-27 09:52:18,223.6506,223.8180,223.7531,106.0939,106.8655,106.3355

2026-05-27 09:53:18,223.6506,223.8180,223.7531,106.0939,106.8655,106.3355

2026-05-27 09:54:18,223.6506,223.8180,223.7531,106.0939,106.8655,106.3355

2026-05-27 09:55:18,223.6506,223.8180,223.7531,106.0939,106.8655,106.3355

2026-05-27 09:56:18,223.6506,223.8180,223.7531,106.0939,106.8655,106.3355

2026-05-27 09:57:18,223.6506,223.8180,223.7531,106.0939,106.8655,106.3355

2026-05-27 09:58:18,223.6506,223.8180,223.7531,106.0939,106.8655,106.3355

2026-05-27 09:59:18,223.6506,223.8180,223.7531,106.0939,106.8655,106.3355

2026-05-27 10:00:18,223.6506,223.8180,223.7531,106.0939,106.8655,106.3355

2026-05-27 10:01:18,223.6506,223.8180,223.7531,106.0939,106.8655,106.3355

2026-05-27 10:02:18,223.6506,223.8180,223.7531,106.0939,106.8655,106.3355

2026-05-27 10:03:18,223.6506,223.8180,223.7531,106.0939,106.8655,106.3355

2026-05-27 10:04:18,223.6506,223.8180,223.7531,106.0939,106.8655,106.3355

2026-05-27 10:05:18,223.6506,223.8180,223.7531,106.0939,106.8655,106.3355

2026-05-27 10:06:18,223.6506,223.8180,223.7531,106.0939,106.8655,106.3355

2026-05-27 10:07:18,223.6506,223.8180,223.7531,106.0939,106.8655,106.3355

2026-05-27 10:08:18,223.6506,223.8180,223.7531,106.0939,106.8655,106.3355

2026-05-27 10:09:18,223.6506,223.8180,223.7531,106.0939,106.8655,106.3355

2026-05-27 10:10:18,223.6506,223.8180,223.7531,106.0939,106.8655,106.3355

2026-05-27 10:11:18,223.6506,223.8180,223.7531,106.0939,106.8655,106.3355

2026-05-27 10:12:18,223.6506,223.8180,223.7531,106.0939,106.8655,106.3355

2026-05-27 10:13:18,223.6506,223.8180,223.7531,106.0939,106.8655,106.3355

2026-05-27 10:14:18,223.6506,223.8180,223.7531,106.0939,106.8655,106.3355

2026-05-27 10:15:18,223.6506,223.8180,223.7531,106.0939,106.8655,106.3355

2026-05-27 10:16:18,223.6506,223.8180,223.7531,106.0939,106.8655,106.3355

2026-05-27 10:17:18,223.6506,223.8180,223.7531,106.0939,106.8655,106.3355

2026-05-27 10:18:18,223.6506,223.8180,223.7531,106.0939,106.8655,106.3355

2026-05-27 10:19:18,223.6506,223.8180,223.7531,106.0939,106.8655,106.3355

2026-05-27 10:20:18,223.6506,223.8180,223.7531,106.0939,106.8655,106.3355

2026-05-27 10:21:18,223.6506,223.8180,223.7531,106.0939,106.8655,106.3355

2026-05-27 10:22:18,223.6506,223.8180,223.7531,106.0939,106.8655,106.3355

2026-05-27 10:23:18,223.6506,223.8180,223.7531,106.0939,106.8655,106.3355

2026-05-27 10:24:18,223.6506,223.8180,223.7531,106.0939,106.8655,106.3355

2026-05-27 10:25:18,223.6506,223.8180,223.7531,106.0939,106.8655,106.3355

2026-05-27 10:26:18,223.6506,223.8180,223.7531,106.0939,106.8655,106.3355

2026-05-27 10:27:18,223.6506,223.8180,223.7531,106.0939,106.8655,106.3355

2026-05-27 10:28:18,223.6506,223.8180,223.7531,106.0939,106.8655,106.3355

2026-05-27 10:29:18,223.6506,223.8180,223.7531,106.0939,106.8655,106.3355

2026-05-27 10:30:18,223.6506,223.8180,223.7531,106.0939,106.8655,106.3355

2026-05-27 10:31:18,223.6506,223.8180,223.7531,106.0939,106.8655,106.3355

2026-05-27 10:32:18,223.6506,223.8180,223.7531,106.0939,106.8655,106.3355

2026-05-27 10:33:18,223.6506,223.8180,223.7531,106.0939,106.8655,106.3355

2026-05-27 10:34:18,223.6506,223.8180,223.7531,106.0939,106.8655,106.3355

2026-05-27 10:35:18,223.6506,223.8180,223.7531,106.0939,106.8655,106.3355

2026-05-27 10:36:18,223.6506,223.8180,223.7531,106.0939,106.8655,106.3355

2026-05-27 10:37:18,223.6506,223.8180,223.7531,106.0939,106.8655,106.3355

2026-05-27 10:38:18,223.6506,223.8180,223.7531,106.0939,106.8655,106.3355

2026-05-27 10:39:18,223.6506,223.8180,223.7531,106.0939,106.8655,106.3355

2026-05-27 10:40:18,223.6506,223.8180,223.7531,106.0939,106.8655,106.3355

2026-05-27 10:41:18,223.6506,223.8180,223.7531,106.0939,106.8655,106.3355

2026-05-27 10:42:18,223.6506,223.8180,223.7531,106.0939,106.8655,106.3355

2026-05-27 10:43:18,223.6506,223.8180,223.7531,106.0939,106.8655,106.3355

2026-05-27 10:44:18,223.6506,223.8180,223.7531,106.0939,106.8655,106.3355

2026-05-27 10:45:18,223.6506,223.8180,223.7531,106.0939,106.8655,106.3355

2026-05-27 10:46:18,223.6506,223.8180,223.7531,106.0939,106.8655,106.3355

2026-05-27 10:47:18,223.6506,223.8180,223.7531,106.0939,106.8655,106.3355

2026-05-27 10:48:18,223.6506,223.8180,223.7531,106.0939,106.8655,106.3355

2026-05-27 10:49:18,223.6506,223.8180,223.7531,106.0939,106.8655,106.3355

2026-05-27 10:50:18,223.6506,223.8180,223.7531,106.0939,106.8655,106.3355

2026-05-27 10:51:18,223.6506,223.8180,223.7531,106.0939,106.8655,106.3355

2026-05-27 10:52:18,223.6506,223.8180,223.7531,106.0939,106.8655,106.3355

2026-05-27 10:53:18,223.6506,223.8180,223.7531,106.0939,106.8655,106.3355

2026-05-27 10:54:18,223.6506,223.8180,223.7531,106.0939,106.8655,106.3355

2026-05-27 10:55:18,223.6506,223.8180,223.7531,106.0939,106.8655,106.3355

2026-05-27 10:56:18,223.6506,223.8180,223.7531,106.0939,106.8655,106.3355

2026-05-27 10:57:18,223.6506,223.8180,223.7531,106.0939,106.8655,106.3355

2026-05-27 10:58:18,223.6506,223.8180,223.7531,106.0939,106.8655,106.3355

2026-05-27 10:59:18,223.6506,223.8180,223.7531,106.0939,106.8655,106.3355

2026-05-27 11:00:18,223.6506,223.8180,223.7531,106.0939,106.8655,106.3355

2026-05-27 11:01:18,223.6506,223.8180,223.7531,106.0939,106.8655,106.3355

2026-05-27 11:02:18,223.6506,223.8180,223.7531,106.0939,106.8655,106.3355

2026-05-27 11:03:18,223.6506,223.8180,223.7531,106.0939,106.8655,106.3355

2026-05-27 11:04:18,223.6506,223.8180,223.7531,106.0939,106.8655,106.3355

2026-05-27 11:05:18,223.6506,223.8180,223.7531,106.0939,106.8655,106.3355

2026-05-27 11:06:18,223.6506,223.8180,223.7531,106.0939,106.8655,106.3355

2026-05-27 11:07:18,223.6506,223.8180,223.7531,106.0939,106.8655,106.3355

2026-05-27 11:08:18,223.6506,223.8180,223.7531,106.0939,106.8655,106.3355

2026-05-27 11:09:18,223.6506,223.8180,223.7531,106.0939,106.8655,106.3355

2026-05-27 11:10:18,223.6506,223.8180,223.7531,106.0939,106.8655,106.3355

2026-05-27 11:11:18,223.6506,223.8180,223.7531,106.0939,106.8655,106.3355

2026-05-27 11:12:18,223.6506,223.8180,223.7531,106.0939,106.8655,106.3355

2026-05-27 11:13:18,223.6506,223.8180,223.7531,106.0939,106.8655,106.3355

2026-05-27 11:14:18,223.6506,223.8180,223.7531,106.0939,106.8655,106.3355

2026-05-27 11:15:18,223.6506,223.8180,223.7531,106.0939,106.8655,106.3355

2026-05-27 11:16:18,223.6506,223.8180,223.7531,106.0939,106.8655,106.3355

2026-05-27 11:17:18,223.6506,223.8180,223.7531,106.0939,106.8655,106.3355

2026-05-27 11:18:18,223.6506,223.8180,223.7531,106.0939,106.8655,106.3355

2026-05-27 11:19:18,223.6506,223.8180,223.7531,106.0939,106.8655,106.3355

2026-05-27 11:20:18,223.6506,223.8180,223.7531,106.0939,106.8655,106.3355

2026-05-27 11:21:18,223.6506,223.8180,223.7531,106.0939,106.8655,106.3355

2026-05-27 11:22:18,223.6506,223.8180,223.7531,106.0939,106.8655,106.3355

2026-05-27 11:23:18,223.6506,223.8180,223.7531,106.0939,106.8655,106.3355

2026-05-27 11:24:18,223.6506,223.8180,223.7531,106.0939,106.8655,106.3355

2026-05-27 11:25:18,223.6506,223.8180,223.7531,106.0939,106.8655,106.3355

2026-05-27 11:26:18,223.6506,223.8180,223.7531,106.0939,106.8655,106.3355

2026-05-27 11:27:18,223.6506,223.8180,223.7531,106.0939,106.8655,106.3355

2026-05-27 11:28:18,223.6506,223.8180,223.7531,106.0939,106.8655,106.3355

2026-05-27 11:29:18,223.6506,223.8180,223.7531,106.0939,106.8655,106.3355

2026-05-27 11:30:18,223.6506,223.8180,223.7531,106.0939,106.8655,106.3355

2026-05-27 11:31:18,223.6506,223.8180,223.7531,106.0939,106.8655,106.3355

2026-05-27 11:32:18,223.6506,223.8180,223.7531,106.0939,106.8655,106.3355

2026-05-27 11:33:18,223.6506,223.8180,223.7531,106.0939,106.8655,106.3355

2026-05-27 11:34:18,223.6506,223.8180,223.7531,106.0939,106.8655,106.3355

2026-05-27 11:35:18,223.6506,223.8180,223.7531,106.0939,106.8655,106.3355

2026-05-27 11:36:18,223.6506,223.8180,223.7531,106.0939,106.8655,106.3355

2026-05-27 11:37:18,223.6506,223.8180,223.7531,106.0939,106.8655,106.3355

2026-05-27 11:38:18,223.6506,223.8180,223.7531,106.0939,106.8655,106.3355

2026-05-27 11:39:18,223.6506,223.8180,223.7531,106.0939,106.8655,106.3355

2026-05-27 11:40:18,223.6506,223.8180,223.7531,106.0939,106.8655,106.3355

2026-05-27 11:41:18,223.6506,223.8180,223.7531,106.0939,106.8655,106.3355

2026-05-27 11:42:18,223.6506,223.8180,223.7531,106.0939,106.8655,106.3355

2026-05-27 11:43:18,223.6506,223.8180,223.7531,106.0939,106.8655,106.3355

2026-05-27 11:44:18,223.6506,223.8180,223.7531,106.0939,106.8655,106.3355

2026-05-27 11:45:18,223.6506,223.8180,223.7531,106.0939,106.8655,106.3355

2026-05-27 11:46:18,223.6506,223.8180,223.7531,106.0939,106.8655,106.3355

2026-05-27 11:47:18,223.6506,223.8180,223.7531,106.0939,106.8655,106.3355

2026-05-27 11:48:18,223.6506,223.8180,223.7531,106.0939,106.8655,106.3355

2026-05-27 11:49:18,223.6506,223.8180,223.7531,106.0939,106.8655,106.3355

2026-05-27 11:50:18,223.6506,223.8180,223.7531,106.0939,106.8655,106.3355

2026-05-27 11:51:18,223.6506,223.8180,223.7531,106.0939,106.8655,106.3355

2026-05-27 11:52:18,223.6506,223.8180,223.7531,106.0939,106.8655,106.3355

2026-05-27 11:53:18,223.6506,223.8180,223.7531,106.0939,106.8655,106.3355

2026-05-27 11:54:18,223.6506,223.8180,223.7531,106.0939,106.8655,106.3355

2026-05-27 11:55:18,223.6506,223.8180,223.7531,106.0939,106.8655,106.3355

2026-05-27 11:56:18,223.6506,223.8180,223.7531,106.0939,106.8655,106.3355

2026-05-27 11:57:18,223.6506,223.8180,223.7531,106.0939,106.8655,106.3355

2026-05-27 11:58:18,223.6506,223.8180,223.7531,106.0939,106.8655,106.3355

2026-05-27 11:59:18,223.6506,223.8180,223.7531,106.0939,106.8655,106.3355

2026-05-27 12:00:18,223.6506,223.8180,223.7531,106.0939,106.8655,106.3355

2026-05-27 12:01:18,223.6506,223.8180,223.7531,106.0939,106.8655,106.3355

2026-05-27 12:02:18,223.6506,223.8180,223.7531,106.0939,106.8655,106.3355

2026-05-27 12:03:18,223.6506,223.8180,223.7531,106.0939,106.8655,106.3355

2026-05-27 12:04:18,223.6506,223.8180,223.7531,106.0939,106.8655,106.3355

2026-05-27 12:05:18,223.6506,223.8180,223.7531,106.0939,106.8655,106.3355

2026-05-27 12:06:18,223.6506,223.8180,223.7531,106.0939,106.8655,106.3355

2026-05-27 12:07:18,223.6506,223.8180,223.7531,106.0939,106.8655,106.3355

2026-05-27 12:08:18,223.6506,223.8180,223.7531,106.0939,106.8655,106.3355

2026-05-27 12:09:18,223.6506,223.8180,223.7531,106.0939,106.8655,106.3355

2026-05-27 12:10:18,223.6506,223.8180,223.7531,106.0939,106.8655,106.3355

2026-05-27 12:11:18,223.6506,223.8180,223.7531,106.0939,106.8655,106.3355

2026-05-27 12:12:18,223.6506,223.8180,223.7531,106.0939,106.8655,106.3355

2026-05-27 12:13:18,223.6506,223.8180,223.7531,106.0939,106.8655,106.3355

2026-05-27 12:14:18,223.6506,223.8180,223.7531,106.0939,106.8655,106.3355

2026-05-27 12:15:18,223.6506,223.8180,223.7531,106.0939,106.8655,106.3355

2026-05-27 12:16:18,223.6506,223.8180,223.7531,106.0939,106.8655,106.3355

2026-05-27 12:17:18,223.6506,223.8180,223.7531,106.0939,106.8655,106.3355

2026-05-27 12:18:18,223.6506,223.8180,223.7531,106.0939,106.8655,106.3355

2026-05-27 12:19:18,223.6506,223.8180,223.7531,106.0939,106.8655,106.3355

2026-05-27 12:20:18,223.6506,223.8180,223.7531,106.0939,106.8655,106.3355

2026-05-27 12:21:18,223.6506,223.8180,223.7531,106.0939,106.8655,106.3355

2026-05-27 12:22:18,223.6506,223.8180,223.7531,106.0939,106.8655,106.3355

2026-05-27 12:23:18,223.6506,223.8180,223.7531,106.0939,106.8655,106.3355

2026-05-27 12:24:18,223.6506,223.8180,223.7531,106.0939,106.8655,106.3355

2026-05-27 12:25:18,223.6506,223.8180,223.7531,106.0939,106.8655,106.3355

2026-05-27 12:26:18,223.6506,223.8180,223.7531,106.0939,106.8655,106.3355

2026-05-27 12:27:18,223.6506,223.8180,223.7531,106.0939,106.8655,106.3355

2026-05-27 12:28:18,223.6506,223.8180,223.7531,106.0939,106.8655,106.3355

2026-05-27 12:29:18,223.6506,223.8180,223.7531,106.0939,106.8655,106.3355

2026-05-27 12:30:18,223.6506,223.8180,223.7531,106.0939,106.8655,106.3355

2026-05-27 12:31:18,223.6506,223.8180,223.7531,106.0939,106.8655,106.3355

2026-05-27 12:32:18,223.6506,223.8180,223.7531,106.0939,106.8655,106.3355

2026-05-27 12:33:18,223.6506,223.8180,223.7531,106.0939,106.8655,106.3355

2026-05-27 12:34:18,223.6506,223.8180,223.7531,106.0939,106.8655,106.3355

2026-05-27 12:35:18,223.6506,223.8180,223.7531,106.0939,106.8655,106.3355

2026-05-27 12:36:18,223.6506,223.8180,223.7531,106.0939,106.8655,106.3355

2026-05-27 12:37:18,223.6506,223.8180,223.7531,106.0939,106.8655,106.3355

2026-05-27 12:38:18,223.6506,223.8180,223.7531,106.0939,106.8655,106.3355

2026-05-27 12:39:18,223.6506,223.8180,223.7531,106.0939,106.8655,106.3355

2026-05-27 12:40:18,223.6506,223.8180,223.7531,106.0939,106.8655,106.3355

2026-05-27 12:41:18,223.6506,223.8180,223.7531,106.0939,106.8655,106.3355

2026-05-27 12:42:18,223.6506,223.8180,223.7531,106.0939,106.8655,106.3355

2026-05-27 12:43:18,223.6506,223.8180,223.7531,106.0939,106.8655,106.3355

2026-05-27 12:44:18,223.6506,223.8180,223.7531,106.0939,106.8655,106.3355

2026-05-27 12:45:18,223.6506,223.8180,223.7531,106.0939,106.8655,106.3355

2026-05-27 12:46:18,223.6506,223.8180,223.7531,106.0939,106.8655,106.3355

2026-05-27 12:47:18,223.6506,223.8180,223.7531,106.0939,106.8655,106.3355

2026-05-27 12:48:18,223.6506,223.8180,223.7531,106.0939,106.8655,106.3355

2026-05-27 12:49:18,223.6506,223.8180,223.7531,106.0939,106.8655,106.3355

2026-05-27 12:50:18,223.6506,223.8180,223.7531,106.0939,106.8655,106.3355

2026-05-27 12:51:18,223.6506,223.8180,223.7531,106.0939,106.8655,106.3355

2026-05-27 12:52:18,223.6506,223.8180,223.7531,106.0939,106.8655,106.3355

2026-05-27 12:53:18,223.6506,223.8180,223.7531,106.0939,106.8655,106.3355

2026-05-27 12:54:18,223.6506,223.8180,223.7531,106.0939,106.8655,106.3355

2026-05-27 12:55:18,223.6506,223.8180,223.7531,106.0939,106.8655,106.3355

2026-05-27 12:56:18,223.6506,223.8180,223.7531,106.0939,106.8655,106.3355

2026-05-27 12:57:18,223.6506,223.8180,223.7531,106.0939,106.8655,106.3355

2026-05-27 12:58:18,223.6506,223.8180,223.7531,106.0939,106.8655,106.3355

2026-05-27 12:59:18,223.6506,223.8180,223.7531,106.0939,106.8655,106.3355

2026-05-27 13:00:18,223.6506,223.8180,223.7531,106.0939,106.8655,106.3355

2026-05-27 13:01:18,223.6506,223.8180,223.7531,106.0939,106.8655,106.3355

2026-05-27 13:02:18,223.6506,223.8180,223.7531,106.0939,106.8655,106.3355

2026-05-27 13:03:18,223.6506,223.8180,223.7531,106.0939,106.8655,106.3355

2026-05-27 13:04:18,223.6506,223.8180,223.7531,106.0939,106.8655,106.3355

2026-05-27 13:05:18,223.6506,223.8180,223.7531,106.0939,106.8655,106.3355

2026-05-27 13:06:18,223.6506,223.8180,223.7531,106.0939,106.8655,106.3355

2026-05-27 13:07:18,223.6506,223.8180,223.7531,106.0939,106.8655,106.3355

2026-05-27 13:08:18,223.6506,223.8180,223.7531,106.0939,106.8655,106.3355

2026-05-27 13:09:18,223.6506,223.8180,223.7531,106.0939,106.8655,106.3355

2026-05-27 13:10:18,223.6506,223.8180,223.7531,106.0939,106.8655,106.3355

2026-05-27 13:11:18,223.6506,223.8180,223.7531,106.0939,106.8655,106.3355

2026-05-27 13:12:18,223.6506,223.8180,223.7531,106.0939,106.8655,106.3355

2026-05-27 13:13:18,223.6506,223.8180,223.7531,106.0939,106.8655,106.3355

2026-05-27 13:14:18,223.6506,223.8180,223.7531,106.0939,106.8655,106.3355

2026-05-27 13:15:18,223.6506,223.8180,223.7531,106.0939,106.8655,106.3355

2026-05-27 13:16:18,223.6506,223.8180,223.7531,106.0939,106.8655,106.3355

2026-05-27 13:17:18,223.6506,223.8180,223.7531,106.0939,106.8655,106.3355

2026-05-27 13:18:18,223.6506,223.8180,223.7531,106.0939,106.8655,106.3355

2026-05-27 13:19:18,223.6506,223.8180,223.7531,106.0939,106.8655,106.3355

2026-05-27 13:20:18,223.6506,223.8180,223.7531,106.0939,106.8655,106.3355

2026-05-27 13:21:18,223.6506,223.8180,223.7531,106.0939,106.8655,106.3355

2026-05-27 13:22:18,223.6506,223.8180,223.7531,106.0939,106.8655,106.3355

2026-05-27 13:23:18,223.6506,223.8180,223.7531,106.0939,106.8655,106.3355

2026-05-27 13:24:18,223.6506,223.8180,223.7531,106.0939,106.8655,106.3355

2026-05-27 13:25:18,223.6506,223.8180,223.7531,106.0939,106.8655,106.3355

2026-05-27 13:26:18,223.6506,223.8180,223.7531,106.0939,106.8655,106.3355

2026-05-27 13:27:18,223.6506,223.8180,223.7531,106.0939,106.8655,106.3355

2026-05-27 13:28:18,223.6506,223.8180,223.7531,106.0939,106.8655,106.3355

2026-05-27 13:29:18,223.6506,223.8180,223.7531,106.0939,106.8655,106.3355

2026-05-27 13:30:18,223.6506,223.8180,223.7531,106.0939,106.8655,106.3355

2026-05-27 13:31:18,223.6506,223.8180,223.7531,106.0939,106.8655,106.3355

2026-05-27 13:32:18,223.6506,223.8180,223.7531,106.0939,106.8655,106.3355

2026-05-27 13:33:18,223.6506,223.8180,223.7531,106.0939,106.8655,106.3355

2026-05-27 13:34:18,223.6506,223.8180,223.7531,106.0939,106.8655,106.3355

2026-05-27 13:35:18,223.6506,223.8180,223.7531,106.0939,106.8655,106.3355

2026-05-27 13:36:18,223.6506,223.8180,223.7531,106.0939,106.8655,106.3355

2026-05-27 13:37:18,223.6506,223.8180,223.7531,106.0939,106.8655,106.3355

2026-05-27 13:38:18,223.6506,223.8180,223.7531,106.0939,106.8655,106.3355

2026-05-27 13:39:18,223.6506,223.8180,223.7531,106.0939,106.8655,106.3355

2026-05-27 13:40:18,223.6506,223.8180,223.7531,106.0939,106.8655,106.3355

2026-05-27 13:41:18,223.6506,223.8180,223.7531,106.0939,106.8655,106.3355

2026-05-27 13:42:18,223.6506,223.8180,223.7531,106.0939,106.8655,106.3355

2026-05-27 13:43:18,223.6506,223.8180,223.7531,106.0939,106.8655,106.3355

2026-05-27 13:44:18,223.6506,223.8180,223.7531,106.0939,106.8655,106.3355

2026-05-27 13:45:18,223.6506,223.8180,223.7531,106.0939,106.8655,106.3355

2026-05-27 13:46:18,223.6506,223.8180,223.7531,106.0939,106.8655,106.3355

2026-05-27 13:47:18,223.6506,223.8180,223.7531,106.0939,106.8655,106.3355

2026-05-27 13:48:18,223.6506,223.8180,223.7531,106.0939,106.8655,106.3355

2026-05-27 13:49:18,223.6506,223.8180,223.7531,106.0939,106.8655,106.3355

2026-05-27 13:50:18,223.6506,223.8180,223.7531,106.0939,106.8655,106.3355

2026-05-27 13:51:18,223.6506,223.8180,223.7531,106.0939,106.8655,106.3355

2026-05-27 13:52:18,223.6506,223.8180,223.7531,106.0939,106.8655,106.3355

2026-05-27 13:53:18,223.6506,223.8180,223.7531,106.0939,106.8655,106.3355

2026-05-27 13:54:18,223.6506,223.8180,223.7531,106.0939,106.8655,106.3355

2026-05-27 13:55:18,223.6506,223.8180,223.7531,106.0939,106.8655,106.3355

2026-05-27 13:56:18,223.6506,223.8180,223.7531,106.0939,106.8655,106.3355

2026-05-27 13:57:18,223.6506,223.8180,223.7531,106.0939,106.8655,106.3355

2026-05-27 13:58:18,223.6506,223.8180,223.7531,106.0939,106.8655,106.3355

2026-05-27 13:59:18,223.6506,223.8180,223.7531,106.0939,106.8655,106.3355

2026-05-27 14:00:18,223.6506,223.8180,223.7531,106.0939,106.8655,106.3355

2026-05-27 14:01:18,223.6506,223.8180,223.7531,106.0939,106.8655,106.3355

2026-05-27 14:02:18,223.6506,223.8180,223.7531,106.0939,106.8655,106.3355

2026-05-27 14:03:18,223.6506,223.8180,223.7531,106.0939,106.8655,106.3355

2026-05-27 14:04:18,223.6506,223.8180,223.7531,106.0939,106.8655,106.3355

2026-05-27 14:05:18,223.6506,223.8180,223.7531,106.0939,106.8655,106.3355

2026-05-27 14:06:18,223.6506,223.8180,223.7531,106.0939,106.8655,106.3355

2026-05-27 14:07:18,223.6506,223.8180,223.7531,106.0939,106.8655,106.3355

2026-05-27 14:08:18,223.6506,223.8180,223.7531,106.0939,106.8655,106.3355

2026-05-27 14:09:18,223.6506,223.8180,223.7531,106.0939,106.8655,106.3355

2026-05-27 14:10:18,223.6506,223.8180,223.7531,106.0939,106.8655,106.3355

2026-05-27 14:11:18,223.6506,223.8180,223.7531,106.0939,106.8655,106.3355

2026-05-27 14:12:18,223.6506,223.8180,223.7531,106.0939,106.8655,106.3355

2026-05-27 14:13:18,223.6506,223.8180,223.7531,106.0939,106.8655,106.3355

2026-05-27 14:14:18,223.6506,223.8180,223.7531,106.0939,106.8655,106.3355

2026-05-27 14:15:18,223.6506,223.8180,223.7531,106.0939,106.8655,106.3355

2026-05-27 14:16:18,223.6506,223.8180,223.7531,106.0939,106.8655,106.3355

2026-05-27 14:17:18,223.6506,223.8180,223.7531,106.0939,106.8655,106.3355

2026-05-27 14:18:18,223.6506,223.8180,223.7531,106.0939,106.8655,106.3355

2026-05-27 14:19:18,223.6506,223.8180,223.7531,106.0939,106.8655,106.3355

2026-05-27 14:20:18,223.6506,223.8180,223.7531,106.0939,106.8655,106.3355

2026-05-27 14:21:18,223.6506,223.8180,223.7531,106.0939,106.8655,106.3355

2026-05-27 14:22:18,223.6506,223.8180,223.7531,106.0939,106.8655,106.3355

2026-05-27 14:23:18,223.6506,223.8180,223.7531,106.0939,106.8655,106.3355

2026-05-27 14:24:18,223.6506,223.8180,223.7531,106.0939,106.8655,106.3355

2026-05-27 14:25:18,223.6506,223.8180,223.7531,106.0939,106.8655,106.3355

2026-05-27 14:26:18,223.6506,223.8180,223.7531,106.0939,106.8655,106.3355

2026-05-27 14:27:18,223.6506,223.8180,223.7531,106.0939,106.8655,106.3355

2026-05-27 14:28:18,223.6506,223.8180,223.7531,106.0939,106.8655,106.3355

2026-05-27 14:29:18,223.6506,223.8180,223.7531,106.0939,106.8655,106.3355

2026-05-27 14:30:18,223.6506,223.8180,223.7531,106.0939,106.8655,106.3355

2026-05-27 14:31:18,223.6506,223.8180,223.7531,106.0939,106.8655,106.3355

2026-05-27 14:32:18,223.6506,223.8180,223.7531,106.0939,106.8655,106.3355

2026-05-27 14:33:18,223.6506,223.8180,223.7531,106.0939,106.8655,106.3355

2026-05-27 14:34:18,223.6506,223.8180,223.7531,106.0939,106.8655,106.3355

2026-05-27 14:35:18,223.6506,223.8180,223.7531,106.0939,106.8655,106.3355

2026-05-27 14:36:18,223.6506,223.8180,223.7531,106.0939,106.8655,106.3355

2026-05-27 14:37:18,223.6506,223.8180,223.7531,106.0939,106.8655,106.3355

2026-05-27 14:38:18,223.6506,223.8180,223.7531,106.0939,106.8655,106.3355

2026-05-27 14:39:18,223.6506,223.8180,223.7531,106.0939,106.8655,106.3355

2026-05-27 14:40:18,223.6506,223.8180,223.7531,106.0939,106.8655,106.3355

2026-05-27 14:41:18,223.6506,223.8180,223.7531,106.0939,106.8655,106.3355

2026-05-27 14:42:18,223.6506,223.8180,223.7531,106.0939,106.8655,106.3355

2026-05-27 14:43:18,223.6506,223.8180,223.7531,106.0939,106.8655,106.3355

2026-05-27 14:44:18,223.6506,223.8180,223.7531,106.0939,106.8655,106.3355

2026-05-27 14:45:18,223.6506,223.8180,223.7531,106.0939,106.8655,106.3355

2026-05-27 14:46:18,223.6506,223.8180,223.7531,106.0939,106.8655,106.3355

2026-05-27 14:47:18,223.6506,223.8180,223.7531,106.0939,106.8655,106.3355

2026-05-27 14:48:18,223.6506,223.8180,223.7531,106.0939,106.8655,106.3355

2026-05-27 14:49:18,223.6506,223.8180,223.7531,106.0939,106.8655,106.3355

2026-05-27 14:50:18,223.6506,223.8180,223.7531,106.0939,106.8655,106.3355

2026-05-27 14:51:18,223.6506,223.8180,223.7531,106.0939,106.8655,106.3355

2026-05-27 14:52:18,223.6506,223.8180,223.7531,106.0939,106.8655,106.3355

2026-05-27 14:53:18,223.6506,223.8180,223.7531,106.0939,106.8655,106.3355

2026-05-27 14:54:18,223.6506,223.8180,223.7531,106.0939,106.8655,106.3355

2026-05-27 14:55:18,223.6506,223.8180,223.7531,106.0939,106.8655,106.3355

2026-05-27 14:56:18,223.6506,223.8180,223.7531,106.0939,106.8655,106.3355

2026-05-27 14:57:18,223.6506,223.8180,223.7531,106.0939,106.8655,106.3355

2026-05-27 14:58:18,223.6506,223.8180,223.7531,106.0939,106.8655,106.3355

2026-05-27 14:59:18,223.6506,223.8180,223.7531,106.0939,106.8655,106.3355

2026-05-27 15:00:18,223.6506,223.8180,223.7531,106.0939,106.8655,106.3355

2026-05-27 15:01:18,223.6506,223.8180,223.7531,106.0939,106.8655,106.3355

2026-05-27 15:02:18,223.6506,223.8180,223.7531,106.0939,106.8655,106.3355

2026-05-27 15:03:18,223.6506,223.8180,223.7531,106.0939,106.8655,106.3355

2026-05-27 15:04:18,223.6506,223.8180,223.7531,106.0939,106.8655,106.3355

2026-05-27 15:05:18,223.6506,223.8180,223.7531,106.0939,106.8655,106.3355

2026-05-27 15:06:18,223.6506,223.8180,223.7531,106.0939,106.8655,106.3355

2026-05-27 15:07:18,223.6506,223.8180,223.7531,106.0939,106.8655,106.3355

2026-05-27 15:08:18,223.6506,223.8180,223.7531,106.0939,106.8655,106.3355

2026-05-27 15:09:18,223.6506,223.8180,223.7531,106.0939,106.8655,106.3355

2026-05-27 15:10:18,223.6506,223.8180,223.7531,106.0939,106.8655,106.3355

2026-05-27 15:11:18,223.6506,223.8180,223.7531,106.0939,106.8655,106.3355

2026-05-27 15:12:18,223.6506,223.8180,223.7531,106.0939,106.8655,106.3355

2026-05-27 15:13:18,223.6506,223.8180,223.7531,106.0939,106.8655,106.3355

2026-05-27 15:14:18,223.6506,223.8180,223.7531,106.0939,106.8655,106.3355

2026-05-27 15:15:18,223.6506,223.8180,223.7531,106.0939,106.8655,106.3355

2026-05-27 15:16:18,223.6506,223.8180,223.7531,106.0939,106.8655,106.3355

2026-05-27 15:17:18,223.6506,223.8180,223.7531,106.0939,106.8655,106.3355

2026-05-27 15:18:18,223.6506,223.8180,223.7531,106.0939,106.8655,106.3355

2026-05-27 15:19:18,223.6506,223.8180,223.7531,106.0939,106.8655,106.3355

2026-05-27 15:20:18,223.6506,223.8180,223.7531,106.0939,106.8655,106.3355

2026-05-27 15:21:18,223.6506,223.8180,223.7531,106.0939,106.8655,106.3355

2026-05-27 15:22:18,223.6506,223.8180,223.7531,106.0939,106.8655,106.3355

2026-05-27 15:23:18,223.6506,223.8180,223.7531,106.0939,106.8655,106.3355

2026-05-27 15:24:18,223.6506,223.8180,223.7531,106.0939,106.8655,106.3355

2026-05-27 15:25:18,223.6506,223.8180,223.7531,106.0939,106.8655,106.3355

2026-05-27 15:26:18,223.6506,223.8180,223.7531,106.0939,106.8655,106.3355

2026-05-27 15:27:18,223.6506,223.8180,223.7531,106.0939,106.8655,106.3355

2026-05-27 15:28:18,223.6506,223.8180,223.7531,106.0939,106.8655,106.3355

2026-05-27 15:29:18,223.6506,223.8180,223.7531,106.0939,106.8655,106.3355

2026-05-27 15:30:18,223.6506,223.8180,223.7531,106.0939,106.8655,106.3355

2026-05-27 15:31:18,223.6506,223.8180,223.7531,106.0939,106.8655,106.3355

2026-05-27 15:32:18,223.6506,223.8180,223.7531,106.0939,106.8655,106.3355

2026-05-27 15:33:18,223.6506,223.8180,223.7531,106.0939,106.8655,106.3355

2026-05-27 15:34:18,223.6506,223.8180,223.7531,106.0939,106.8655,106.3355

2026-05-27 15:35:18,223.6506,223.8180,223.7531,106.0939,106.8655,106.3355

2026-05-27 15:36:18,223.6506,223.8180,223.7531,106.0939,106.8655,106.3355

2026-05-27 15:37:18,223.6506,223.8180,223.7531,106.0939,106.8655,106.3355

2026-05-27 15:38:18,223.6506,223.8180,223.7531,106.0939,106.8655,106.3355

2026-05-27 15:39:18,223.6506,223.8180,223.7531,106.0939,106.8655,106.3355

2026-05-27 15:40:18,223.6506,223.8180,223.7531,106.0939,106.8655,106.3355

2026-05-27 15:41:18,223.6506,223.8180,223.7531,106.0939,106.8655,106.3355

2026-05-27 15:42:18,223.6506,223.8180,223.7531,106.0939,106.8655,106.3355

2026-05-27 15:43:18,223.6506,223.8180,223.7531,106.0939,106.8655,106.3355

2026-05-27 15:44:18,223.6506,223.8180,223.7531,106.0939,106.8655,106.3355

2026-05-27 15:45:18,223.6506,223.8180,223.7531,106.0939,106.8655,106.3355

2026-05-27 15:46:18,223.6506,223.8180,223.7531,106.0939,106.8655,106.3355

2026-05-27 15:47:18,223.6506,223.8180,223.7531,106.0939,106.8655,106.3355

2026-05-27 15:48:18,223.6506,223.8180,223.7531,106.0939,106.8655,106.3355

2026-05-27 15:49:18,223.6506,223.8180,223.7531,106.0939,106.8655,106.3355

2026-05-27 15:50:18,223.6506,223.8180,223.7531,106.0939,106.8655,106.3355

2026-05-27 15:51:18,223.6506,223.8180,223.7531,106.0939,106.8655,106.3355

2026-05-27 15:52:18,223.6506,223.8180,223.7531,106.0939,106.8655,106.3355

2026-05-27 15:53:18,223.6506,223.8180,223.7531,106.0939,106.8655,106.3355

2026-05-27 15:54:18,223.6506,223.8180,223.7531,106.0939,106.8655,106.3355

2026-05-27 15:55:18,223.6506,223.8180,223.7531,106.0939,106.8655,106.3355

2026-05-27 15:56:18,223.6506,223.8180,223.7531,106.0939,106.8655,106.3355

2026-05-27 15:57:18,223.6506,223.8180,223.7531,106.0939,106.8655,106.3355

2026-05-27 15:58:18,223.6506,223.8180,223.7531,106.0939,106.8655,106.3355

2026-05-27 15:59:18,223.6506,223.8180,223.7531,106.0939,106.8655,106.3355

2026-05-27 16:00:18,223.6506,223.8180,223.7531,106.0939,106.8655,106.3355

2026-05-27 16:01:18,223.6506,223.8180,223.7531,106.0939,106.8655,106.3355

2026-05-27 16:02:18,223.6506,223.8180,223.7531,106.0939,106.8655,106.3355

2026-05-27 16:03:18,223.6506,223.8180,223.7531,106.0939,106.8655,106.3355

2026-05-27 16:04:18,223.6506,223.8180,223.7531,106.0939,106.8655,106.3355

2026-05-27 16:05:18,223.6506,223.8180,223.7531,106.0939,106.8655,106.3355

2026-05-27 16:06:18,223.6506,223.8180,223.7531,106.0939,106.8655,106.3355

2026-05-27 16:07:18,223.6506,223.8180,223.7531,106.0939,106.8655,106.3355

2026-05-27 16:08:18,223.6506,223.8180,223.7531,106.0939,106.8655,106.3355

2026-05-27 16:09:18,223.6506,223.8180,223.7531,106.0939,106.8655,106.3355

2026-05-27 16:10:18,223.6506,223.8180,223.7531,106.0939,106.8655,106.3355

2026-05-27 16:11:18,223.6506,223.8180,223.7531,106.0939,106.8655,106.3355

2026-05-27 16:12:18,223.6506,223.8180,223.7531,106.0939,106.8655,106.3355

2026-05-27 16:13:18,223.6506,223.8180,223.7531,106.0939,106.8655,106.3355

2026-05-27 16:14:18,223.6506,223.8180,223.7531,106.0939,106.8655,106.3355

2026-05-27 16:15:18,223.6506,223.8180,223.7531,106.0939,106.8655,106.3355

2026-05-27 16:16:18,223.6506,223.8180,223.7531,106.0939,106.8655,106.3355

2026-05-27 16:17:18,223.6506,223.8180,223.7531,106.0939,106.8655,106.3355

2026-05-27 16:18:18,223.6506,223.8180,223.7531,106.0939,106.8655,106.3355

2026-05-27 16:19:18,223.6506,223.8180,223.7531,106.0939,106.8655,106.3355

2026-05-27 16:20:18,223.6506,223.8180,223.7531,106.0939,106.8655,106.3355

2026-05-27 16:21:18,223.6506,223.8180,223.7531,106.0939,106.8655,106.3355

2026-05-27 16:22:18,223.6506,223.8180,223.7531,106.0939,106.8655,106.3355

2026-05-27 16:23:18,223.6506,223.8180,223.7531,106.0939,106.8655,106.3355

2026-05-27 16:24:18,223.6506,223.8180,223.7531,106.0939,106.8655,106.3355

2026-05-27 16:25:18,223.6506,223.8180,223.7531,106.0939,106.8655,106.3355

2026-05-27 16:26:18,223.6506,223.8180,223.7531,106.0939,106.8655,106.3355

2026-05-27 16:27:18,223.6506,223.8180,223.7531,106.0939,106.8655,106.3355

2026-05-27 16:28:18,223.6506,223.8180,223.7531,106.0939,106.8655,106.3355

2026-05-27 16:29:18,223.6506,223.8180,223.7531,106.0939,106.8655,106.3355

2026-05-27 16:30:18,223.6506,223.8180,223.7531,106.0939,106.8655,106.3355

2026-05-27 16:31:18,223.6506,223.8180,223.7531,106.0939,106.8655,106.3355

2026-05-27 16:32:18,223.6506,223.8180,223.7531,106.0939,106.8655,106.3355

2026-05-27 16:33:18,223.6506,223.8180,223.7531,106.0939,106.8655,106.3355

2026-05-27 16:34:18,223.6506,223.8180,223.7531,106.0939,106.8655,106.3355

2026-05-27 16:35:18,223.6506,223.8180,223.7531,106.0939,106.8655,106.3355

2026-05-27 16:36:18,223.6506,223.8180,223.7531,106.0939,106.8655,106.3355

2026-05-27 16:37:18,223.6506,223.8180,223.7531,106.0939,106.8655,106.3355

2026-05-27 16:38:18,223.6506,223.8180,223.7531,106.0939,106.8655,106.3355

2026-05-27 16:39:18,223.6506,223.8180,223.7531,106.0939,106.8655,106.3355

2026-05-27 16:40:18,223.6506,223.8180,223.7531,106.0939,106.8655,106.3355

2026-05-27 16:41:18,223.6506,223.8180,223.7531,106.0939,106.8655,106.3355

2026-05-27 16:42:18,223.6506,223.8180,223.7531,106.0939,106.8655,106.3355

2026-05-27 16:43:18,223.6506,223.8180,223.7531,106.0939,106.8655,106.3355

2026-05-27 16:44:18,223.6506,223.8180,223.7531,106.0939,106.8655,106.3355

2026-05-27 16:45:18,223.6506,223.8180,223.7531,106.0939,106.8655,106.3355

2026-05-27 16:46:18,223.6506,223.8180,223.7531,106.0939,106.8655,106.3355

2026-05-27 16:47:18,223.6506,223.8180,223.7531,106.0939,106.8655,106.3355

2026-05-27 16:48:18,223.6506,223.8180,223.7531,106.0939,106.8655,106.3355

2026-05-27 16:49:18,223.6506,223.8180,223.7531,106.0939,106.8655,106.3355

2026-05-27 16:50:18,223.6506,223.8180,223.7531,106.0939,106.8655,106.3355

2026-05-27 16:51:18,223.6506,223.8180,223.7531,106.0939,106.8655,106.3355

2026-05-27 16:52:00,0.0000,0.0000,0.0000,0.0000,0.0000,0.0000

2026-05-27 16:53:00,223.6506,223.8180,223.7531,106.0939,106.8655,106.3355

2026-05-27 16:54:00,223.6506,223.8180,223.7531,106.0939,106.8655,106.3355

2026-05-27 16:55:00,223.6506,223.8180,223.7531,106.0939,106.8655,106.3355

2026-05-27 16:56:00,223.6506,223.8180,223.7531,106.0939,106.8655,106.3355

2026-05-27 16:57:00,223.6506,223.8180,223.7531,106.0939,106.8655,106.3355

2026-05-27 16:58:00,223.6506,223.8180,223.7531,106.0939,106.8655,106.3355

2026-05-27 16:59:00,223.6506,223.8180,223.7531,106.0939,106.8655,106.3355

2026-05-27 17:00:00,223.6506,223.8180,223.7531,106.0939,106.8655,106.3355

2026-05-27 17:01:00,223.6506,223.8180,223.7531,106.0939,106.8655,106.3355

2026-05-27 17:02:00,223.6506,223.8180,223.7531,106.0939,106.8655,106.3355

2026-05-27 17:03:00,223.6506,223.8180,223.7531,106.0939,106.8655,106.3355

2026-05-27 17:04:00,223.6506,223.8180,223.7531,106.0939,106.8655,106.3355

2026-05-27 17:05:00,223.6506,223.8180,223.7531,106.0939,106.8655,106.3355

2026-05-27 17:06:00,223.6506,223.8180,223.7531,106.0939,106.8655,106.3355

2026-05-27 17:07:00,223.6506,223.8180,223.7531,106.0939,106.8655,106.3355

2026-05-27 17:08:00,223.6506,223.8180,223.7531,106.0939,106.8655,106.3355

2026-05-27 17:09:00,223.6506,223.8180,223.7531,106.0939,106.8655,106.3355

2026-05-27 17:10:00,223.6506,223.8180,223.7531,106.0939,106.8655,106.3355

2026-05-27 17:11:00,223.6506,223.8180,223.7531,106.0939,106.8655,106.3355

2026-05-27 17:12:00,223.6506,223.8180,223.7531,106.0939,106.8655,106.3355

2026-05-27 17:13:00,223.6506,223.8180,223.7531,106.0939,106.8655,106.3355

2026-05-27 17:14:00,223.6506,223.8180,223.7531,106.0939,106.8655,106.3355

2026-05-27 17:15:00,223.6506,223.8180,223.7531,106.0939,106.8655,106.3355

2026-05-27 17:16:00,223.6506,223.8180,223.7531,106.0939,106.8655,106.3355

2026-05-27 17:17:00,223.6506,223.8180,223.7531,106.0939,106.8655,106.3355

2026-05-27 17:18:00,223.6506,223.8180,223.7531,106.0939,106.8655,106.3355

2026-05-27 17:19:00,223.6506,223.8180,223.7531,106.0939,106.8655,106.3355

2026-05-27 17:20:00,223.6506,223.8180,223.7531,106.0939,106.8655,106.3355

2026-05-27 17:21:00,223.6506,223.8180,223.7531,106.0939,106.8655,106.3355

2026-05-27 17:22:00,223.6506,223.8180,223.7531,106.0939,106.8655,106.3355

2026-05-27 17:23:00,223.6506,223.8180,223.7531,106.0939,106.8655,106.3355

2026-05-27 17:24:00,223.6506,223.8180,223.7531,106.0939,106.8655,106.3355

2026-05-27 17:25:00,223.6506,223.8180,223.7531,106.0939,106.8655,106.3355

2026-05-27 17:26:00,223.6506,223.8180,223.7531,106.0939,106.8655,106.3355

2026-05-27 17:27:00,223.6506,223.8180,223.7531,106.0939,106.8655,106.3355

2026-05-27 17:28:00,223.6506,223.8180,223.7531,106.0939,106.8655,106.3355

2026-05-27 17:29:00,223.6506,223.8180,223.7531,106.0939,106.8655,106.3355

2026-05-27 17:30:00,223.6506,223.8180,223.7531,106.0939,106.8655,106.3355

2026-05-27 17:31:00,223.6506,223.8180,223.7531,106.0939,106.8655,106.3355

2026-05-27 17:32:00,223.6506,223.8180,223.7531,106.0939,106.8655,106.3355

2026-05-27 17:33:00,223.6506,223.8180,223.7531,106.0939,106.8655,106.3355

2026-05-27 17:34:00,223.6506,223.8180,223.7531,106.0939,106.8655,106.3355

2026-05-27 17:35:00,223.6506,223.8180,223.7531,106.0939,106.8655,106.3355

2026-05-27 17:36:00,223.6506,223.8180,223.7531,106.0939,106.8655,106.3355

2026-05-27 17:37:00,223.6506,223.8180,223.7531,106.0939,106.8655,106.3355

2026-05-27 17:38:00,223.6506,223.8180,223.7531,106.0939,106.8655,106.3355

2026-05-27 17:39:00,223.6506,223.8180,223.7531,106.0939,106.8655,106.3355

2026-05-27 17:40:00,223.6506,223.8180,223.7531,106.0939,106.8655,106.3355

2026-05-27 17:41:00,223.6506,223.8180,223.7531,106.0939,106.8655,106.3355

2026-05-27 17:42:00,223.6506,223.8180,223.7531,106.0939,106.8655,106.3355

2026-05-27 17:43:00,223.6506,223.8180,223.7531,106.0939,106.8655,106.3355

2026-05-27 17:44:00,223.6506,223.8180,223.7531,106.0939,106.8655,106.3355

2026-05-27 17:45:00,223.6506,223.8180,223.7531,106.0939,106.8655,106.3355

2026-05-27 17:46:00,223.6506,223.8180,223.7531,106.0939,106.8655,106.3355

2026-05-27 17:47:00,223.6506,223.8180,223.7531,106.0939,106.8655,106.3355

2026-05-27 17:48:00,223.6506,223.8180,223.7531,106.0939,106.8655,106.3355

2026-05-27 17:49:00,223.6506,223.8180,223.7531,106.0939,106.8655,106.3355

2026-05-27 17:50:00,223.6506,223.8180,223.7531,106.0939,106.8655,106.3355

2026-05-27 17:51:00,223.6506,223.8180,223.7531,106.0939,106.8655,106.3355

2026-05-27 17:52:00,223.6506,223.8180,223.7531,106.0939,106.8655,106.3355

2026-05-27 17:53:00,223.6506,223.8180,223.7531,106.0939,106.8655,106.3355

2026-05-27 17:54:00,223.6506,223.8180,223.7531,106.0939,106.8655,106.3355

2026-05-27 17:55:00,223.6506,223.8180,223.7531,106.0939,106.8655,106.3355

2026-05-27 17:56:00,223.6506,223.8180,223.7531,106.0939,106.8655,106.3355

2026-05-27 17:57:00,223.6506,223.8180,223.7531,106.0939,106.8655,106.3355

2026-05-27 17:58:00,223.6506,223.8180,223.7531,106.0939,106.8655,106.3355

2026-05-27 17:59:00,223.6506,223.8180,223.7531,106.0939,106.8655,106.3355

2026-05-27 18:00:00,223.6506,223.8180,223.7531,106.0939,106.8655,106.3355

2026-05-27 18:01:00,223.6506,223.8180,223.7531,106.0939,106.8655,106.3355

2026-05-27 18:02:00,223.6506,223.8180,223.7531,106.0939,106.8655,106.3355

2026-05-27 18:03:00,223.6506,223.8180,223.7531,106.0939,106.8655,106.3355

2026-05-27 18:04:00,223.6506,223.8180,223.7531,106.0939,106.8655,106.3355

2026-05-27 18:05:00,223.6506,223.8180,223.7531,106.0939,106.8655,106.3355

2026-05-27 18:06:00,223.6506,223.8180,223.7531,106.0939,106.8655,106.3355

2026-05-27 18:07:00,223.6506,223.8180,223.7531,106.0939,106.8655,106.3355

2026-05-27 18:08:00,223.6506,223.8180,223.7531,106.0939,106.8655,106.3355

2026-05-27 18:09:00,223.6506,223.8180,223.7531,106.0939,106.8655,106.3355

2026-05-27 18:10:00,223.6506,223.8180,223.7531,106.0939,106.8655,106.3355

2026-05-27 18:11:00,223.6506,223.8180,223.7531,106.0939,106.8655,106.3355

2026-05-27 18:12:00,223.6506,223.8180,223.7531,106.0939,106.8655,106.3355

2026-05-27 18:13:00,223.6506,223.8180,223.7531,106.0939,106.8655,106.3355

2026-05-27 18:14:00,223.6506,223.8180,223.7531,106.0939,106.8655,106.3355

2026-05-27 18:15:00,223.6506,223.8180,223.7531,106.0939,106.8655,106.3355

2026-05-27 18:16:00,223.6506,223.8180,223.7531,106.0939,106.8655,106.3355

2026-05-27 18:17:00,223.6506,223.8180,223.7531,106.0939,106.8655,106.3355

2026-05-27 18:18:00,223.6506,223.8180,223.7531,106.0939,106.8655,106.3355

2026-05-27 18:19:00,223.6506,223.8180,223.7531,106.0939,106.8655,106.3355

2026-05-27 18:20:00,223.6506,223.8180,223.7531,106.0939,106.8655,106.3355

2026-05-27 18:21:00,223.6506,223.8180,223.7531,106.0939,106.8655,106.3355

2026-05-27 18:22:00,223.6506,223.8180,223.7531,106.0939,106.8655,106.3355

2026-05-27 18:23:00,223.6506,223.8180,223.7531,106.0939,106.8655,106.3355

2026-05-27 18:24:00,223.6506,223.8180,223.7531,106.0939,106.8655,106.3355

2026-05-27 18:25:00,223.6506,223.8180,223.7531,106.0939,106.8655,106.3355

2026-05-27 18:26:00,223.6506,223.8180,223.7531,106.0939,106.8655,106.3355

2026-05-27 18:27:00,223.6506,223.8180,223.7531,106.0939,106.8655,106.3355

2026-05-27 18:28:00,223.6506,223.8180,223.7531,106.0939,106.8655,106.3355

2026-05-27 18:29:00,223.6506,223.8180,223.7531,106.0939,106.8655,106.3355

2026-05-27 18:30:00,223.6506,223.8180,223.7531,106.0939,106.8655,106.3355

2026-05-27 18:31:00,223.6506,223.8180,223.7531,106.0939,106.8655,106.3355

2026-05-27 18:32:00,223.6506,223.8180,223.7531,106.0939,106.8655,106.3355

2026-05-27 18:33:00,223.6506,223.8180,223.7531,106.0939,106.8655,106.3355

2026-05-27 18:34:00,223.6506,223.8180,223.7531,106.0939,106.8655,106.3355

2026-05-27 18:35:00,223.6506,223.8180,223.7531,106.0939,106.8655,106.3355

2026-05-27 18:36:00,223.6506,223.8180,223.7531,106.0939,106.8655,106.3355

2026-05-27 18:37:00,223.6506,223.8180,223.7531,106.0939,106.8655,106.3355

2026-05-27 18:38:00,223.6506,223.8180,223.7531,106.0939,106.8655,106.3355

2026-05-27 18:39:00,223.6506,223.8180,223.7531,106.0939,106.8655,106.3355

2026-05-27 18:40:00,223.6506,223.8180,223.7531,106.0939,106.8655,106.3355

2026-05-27 18:41:00,223.6506,223.8180,223.7531,106.0939,106.8655,106.3355

2026-05-27 18:42:00,223.6506,223.8180,223.7531,106.0939,106.8655,106.3355

2026-05-27 18:43:00,223.6506,223.8180,223.7531,106.0939,106.8655,106.3355

2026-05-27 18:44:00,223.6506,223.8180,223.7531,106.0939,106.8655,106.3355

2026-05-27 18:45:00,223.6506,223.8180,223.7531,106.0939,106.8655,106.3355

2026-05-27 18:46:00,223.6506,223.8180,223.7531,106.0939,106.8655,106.3355

2026-05-27 18:47:00,223.6506,223.8180,223.7531,106.0939,106.8655,106.3355

2026-05-27 18:48:00,223.6506,223.8180,223.7531,106.0939,106.8655,106.3355

2026-05-27 18:49:00,223.6506,223.8180,223.7531,106.0939,106.8655,106.3355

2026-05-27 18:50:00,223.6506,223.8180,223.7531,106.0939,106.8655,106.3355

2026-05-27 18:51:00,223.6506,223.8180,223.7531,106.0939,106.8655,106.3355

2026-05-27 18:52:00,223.6506,223.8180,223.7531,106.0939,106.8655,106.3355

2026-05-27 18:53:00,223.6506,223.8180,223.7531,106.0939,106.8655,106.3355

2026-05-27 18:54:00,223.6506,223.8180,223.7531,106.0939,106.8655,106.3355

2026-05-27 18:55:00,223.6506,223.8180,223.7531,106.0939,106.8655,106.3355

2026-05-27 18:56:00,223.6506,223.8180,223.7531,106.0939,106.8655,106.3355

2026-05-27 18:57:00,223.6506,223.8180,223.7531,106.0939,106.8655,106.3355

2026-05-27 18:58:00,223.6506,223.8180,223.7531,106.0939,106.8655,106.3355

2026-05-27 18:59:00,223.6506,223.8180,223.7531,106.0939,106.8655,106.3355

2026-05-27 19:00:00,223.6506,223.8180,223.7531,106.0939,106.8655,106.3355

2026-05-27 19:01:00,223.6506,223.8180,223.7531,106.0939,106.8655,106.3355

2026-05-27 19:02:00,223.6506,223.8180,223.7531,106.0939,106.8655,106.3355

2026-05-27 19:03:00,223.6506,223.8180,223.7531,106.0939,106.8655,106.3355

2026-05-27 19:04:00,223.6506,223.8180,223.7531,106.0939,106.8655,106.3355

2026-05-27 19:05:00,223.6506,223.8180,223.7531,106.0939,106.8655,106.3355

2026-05-27 19:06:00,223.6506,223.8180,223.7531,106.0939,106.8655,106.3355

2026-05-27 19:07:00,223.6506,223.8180,223.7531,106.0939,106.8655,106.3355

2026-05-27 19:08:00,223.6506,223.8180,223.7531,106.0939,106.8655,106.3355

2026-05-27 19:09:00,223.6506,223.8180,223.7531,106.0939,106.8655,106.3355

2026-05-27 19:10:00,223.6506,223.8180,223.7531,106.0939,106.8655,106.3355

2026-05-27 19:11:00,223.6506,223.8180,223.7531,106.0939,106.8655,106.3355

2026-05-27 19:12:00,223.6506,223.8180,223.7531,106.0939,106.8655,106.3355

2026-05-27 19:13:00,223.6506,223.8180,223.7531,106.0939,106.8655,106.3355

2026-05-27 19:14:00,223.6506,223.8180,223.7531,106.0939,106.8655,106.3355

2026-05-27 19:15:00,223.6506,223.8180,223.7531,106.0939,106.8655,106.3355

2026-05-27 19:16:00,223.6506,223.8180,223.7531,106.0939,106.8655,106.3355

2026-05-27 19:17:00,223.6506,223.8180,223.7531,106.0939,106.8655,106.3355

2026-05-27 19:18:00,223.6506,223.8180,223.7531,106.0939,106.8655,106.3355

2026-05-27 19:19:00,223.6506,223.8180,223.7531,106.0939,106.8655,106.3355

2026-05-27 19:20:00,223.6506,223.8180,223.7531,106.0939,106.8655,106.3355

2026-05-27 19:21:00,223.6506,223.8180,223.7531,106.0939,106.8655,106.3355

2026-05-27 19:22:00,223.6506,223.8180,223.7531,106.0939,106.8655,106.3355

2026-05-27 19:22:51,0.0000,0.0000,0.0000,0.0000,0.0000,0.0000

2026-05-27 19:23:51,223.6506,223.8180,223.7531,106.0939,106.8655,106.3355

2026-05-27 19:24:51,223.6506,223.8180,223.7531,106.0939,106.8655,106.3355

2026-05-27 19:25:51,223.6506,223.8180,223.7531,106.0939,106.8655,106.3355

2026-05-27 19:26:51,223.6506,223.8180,223.7531,106.0939,106.8655,106.3355

2026-05-27 19:27:51,223.6506,223.8180,223.7531,106.0939,106.8655,106.3355

2026-05-27 19:28:51,223.6506,223.8180,223.7531,106.0939,106.8655,106.3355

2026-05-27 19:29:51,223.6506,223.8180,223.7531,106.0939,106.8655,106.3355

2026-05-27 19:30:51,223.6506,223.8180,223.7531,106.0939,106.8655,106.3355

2026-05-27 19:31:51,223.6506,223.8180,223.7531,106.0939,106.8655,106.3355

2026-05-27 19:32:51,223.6506,223.8180,223.7531,106.0939,106.8655,106.3355

2026-05-27 19:33:51,223.6506,223.8180,223.7531,106.0939,106.8655,106.3355

2026-05-27 19:34:51,223.6506,223.8180,223.7531,106.0939,106.8655,106.3355

2026-05-27 19:35:51,223.6506,223.8180,223.7531,106.0939,106.8655,106.3355

2026-05-27 19:36:51,223.6506,223.8180,223.7531,106.0939,106.8655,106.3355

2026-05-27 19:37:51,223.6506,223.8180,223.7531,106.0939,106.8655,106.3355

2026-05-27 19:38:51,223.6506,223.8180,223.7531,106.0939,106.8655,106.3355

2026-05-27 19:39:51,223.6506,223.8180,223.7531,106.0939,106.8655,106.3355

2026-05-27 19:40:51,223.6506,223.8180,223.7531,106.0939,106.8655,106.3355

2026-05-27 19:41:51,223.6506,223.8180,223.7531,106.0939,106.8655,106.3355

2026-05-27 19:42:51,223.6506,223.8180,223.7531,106.0939,106.8655,106.3355

2026-05-27 19:43:51,223.6506,223.8180,223.7531,106.0939,106.8655,106.3355

2026-05-27 19:44:51,223.6506,223.8180,223.7531,106.0939,106.8655,106.3355

2026-05-27 19:45:51,223.6506,223.8180,223.7531,106.0939,106.8655,106.3355

2026-05-27 19:46:51,223.6506,223.8180,223.7531,106.0939,106.8655,106.3355

2026-05-27 19:47:51,223.6506,223.8180,223.7531,106.0939,106.8655,106.3355

2026-05-27 19:48:51,223.6506,223.8180,223.7531,106.0939,106.8655,106.3355

2026-05-27 19:49:51,223.6506,223.8180,223.7531,106.0939,106.8655,106.3355

2026-05-27 19:50:51,223.6506,223.8180,223.7531,106.0939,106.8655,106.3355

2026-05-27 19:51:51,223.6506,223.8180,223.7531,106.0939,106.8655,106.3355

2026-05-27 19:52:51,223.6506,223.8180,223.7531,106.0939,106.8655,106.3355

2026-05-27 19:53:51,223.6506,223.8180,223.7531,106.0939,106.8655,106.3355

2026-05-27 19:54:51,223.6506,223.8180,223.7531,106.0939,106.8655,106.3355

2026-05-27 19:55:51,223.6506,223.8180,223.7531,106.0939,106.8655,106.3355

2026-05-27 19:56:51,223.6506,223.8180,223.7531,106.0939,106.8655,106.3355

2026-05-27 19:57:51,223.6506,223.8180,223.7531,106.0939,106.8655,106.3355

2026-05-27 19:58:51,223.6506,223.8180,223.7531,106.0939,106.8655,106.3355

2026-05-27 19:59:51,223.6506,223.8180,223.7531,106.0939,106.8655,106.3355

2026-05-27 20:00:51,223.6506,223.8180,223.7531,106.0939,106.8655,106.3355

2026-05-27 20:01:51,223.6506,223.8180,223.7531,106.0939,106.8655,106.3355

2026-05-27 20:02:51,223.6506,223.8180,223.7531,106.0939,106.8655,106.3355

2026-05-27 20:03:51,223.6506,223.8180,223.7531,106.0939,106.8655,106.3355

2026-05-27 20:04:51,223.6506,223.8180,223.7531,106.0939,106.8655,106.3355

2026-05-27 20:05:51,223.6506,223.8180,223.7531,106.0939,106.8655,106.3355

2026-05-27 20:06:51,223.6506,223.8180,223.7531,106.0939,106.8655,106.3355

2026-05-27 20:07:51,223.6506,223.8180,223.7531,106.0939,106.8655,106.3355

2026-05-27 20:08:51,223.6506,223.8180,223.7531,106.0939,106.8655,106.3355

2026-05-27 20:09:51,223.6506,223.8180,223.7531,106.0939,106.8655,106.3355

2026-05-27 20:10:51,223.6506,223.8180,223.7531,106.0939,106.8655,106.3355

2026-05-27 20:11:51,223.6506,223.8180,223.7531,106.0939,106.8655,106.3355

2026-05-27 20:12:51,223.6506,223.8180,223.7531,106.0939,106.8655,106.3355

2026-05-27 20:13:51,223.6506,223.8180,223.7531,106.0939,106.8655,106.3355

2026-05-27 20:14:51,223.6506,223.8180,223.7531,106.0939,106.8655,106.3355

2026-05-27 20:15:51,223.6506,223.8180,223.7531,106.0939,106.8655,106.3355

2026-05-27 20:16:51,223.6506,223.8180,223.7531,106.0939,106.8655,106.3355

2026-05-27 20:17:51,223.6506,223.8180,223.7531,106.0939,106.8655,106.3355

2026-05-27 20:18:51,223.6506,223.8180,223.7531,106.0939,106.8655,106.3355

2026-05-27 20:19:51,223.6506,223.8180,223.7531,106.0939,106.8655,106.3355

2026-05-27 20:20:51,223.6506,223.8180,223.7531,106.0939,106.8655,106.3355

2026-05-27 20:21:51,223.6506,223.8180,223.7531,106.0939,106.8655,106.3355

2026-05-27 20:22:51,223.6506,223.8180,223.7531,106.0939,106.8655,106.3355

2026-05-27 20:23:51,223.6506,223.8180,223.7531,106.0939,106.8655,106.3355

2026-05-27 20:24:51,223.6506,223.8180,223.7531,106.0939,106.8655,106.3355

2026-05-27 20:25:51,223.6506,223.8180,223.7531,106.0939,106.8655,106.3355

2026-05-27 20:26:51,223.6506,223.8180,223.7531,106.0939,106.8655,106.3355

2026-05-27 20:27:51,223.6506,223.8180,223.7531,106.0939,106.8655,106.3355

2026-05-27 20:28:51,223.6506,223.8180,223.7531,106.0939,106.8655,106.3355

2026-05-27 20:29:51,223.6506,223.8180,223.7531,106.0939,106.8655,106.3355

